{
  "sticker": {},
  "database": {},
  "game": {
    "math": []
  },
  "others": {
    "vote": []
  },
  "users": {
    "6281380539461@s.whatsapp.net": {
      "serialNumber": "4c407a10ab2f2e70fe378af3a59fd5bc",
      "title": "User",
      "afkTime": -1,
      "badword": 0,
      "afkReason": "",
      "nick": "Daffa",
      "premium": false,
      "limit": 100,
      "totalLimit": 0
    },
    "6283891751100@s.whatsapp.net": {
      "serialNumber": "5ffca3343290b5b2dad96d274c6a82ee",
      "title": "User",
      "afkTime": -1,
      "badword": 0,
      "afkReason": "",
      "nick": "Bx1ixo",
      "premium": false,
      "limit": 100,
      "totalLimit": 0
    },
    "6288973686537@s.whatsapp.net": {
      "serialNumber": "cd72524ea376344afdb2af64d1633b13",
      "title": "Premium",
      "afkTime": -1,
      "badword": 0,
      "afkReason": "",
      "nick": "+62 889-7368-6537",
      "premium": "true",
      "limit": 1000,
      "totalLimit": 0
    },
    "6285291181791@s.whatsapp.net": {
      "serialNumber": "21943fe09a9dfefee510a3225312ca79",
      "title": "User",
      "afkTime": -1,
      "badword": 0,
      "afkReason": "",
      "nick": "<no data>",
      "premium": false,
      "limit": 100,
      "totalLimit": 0
    },
    "6283861746103@s.whatsapp.net": {
      "serialNumber": "cff2e088e61c8f68b6c2a5e075e1ad79",
      "title": "User",
      "afkTime": -1,
      "badword": 0,
      "afkReason": "",
      "nick": "Okti",
      "premium": false,
      "limit": 100,
      "totalLimit": 0
    }
  },
  "chats": {
    "6281380539461@s.whatsapp.net": {
      "badword": false,
      "antiforeignnum": false,
      "antibot": false,
      "antiviewonce": false,
      "antispam": false,
      "antivirtex": false,
      "antimedia": false,
      "antiimage": false,
      "antivideo": false,
      "antiaudio": false,
      "antipoll": false,
      "antisticker": false,
      "antilocation": false,
      "antidocument": false,
      "anticontact": false,
      "antilink": false,
      "antipromotion": false,
      "antilinkgc": false
    },
    "6283891751100@s.whatsapp.net": {
      "badword": false,
      "antiforeignnum": false,
      "antibot": false,
      "antiviewonce": false,
      "antispam": false,
      "antivirtex": false,
      "antimedia": false,
      "antiimage": false,
      "antivideo": false,
      "antiaudio": false,
      "antipoll": false,
      "antisticker": false,
      "antilocation": false,
      "antidocument": false,
      "anticontact": false,
      "antilink": false,
      "antipromotion": false,
      "antilinkgc": false
    },
    "120363298731162294@g.us": {
      "badword": false,
      "antiforeignnum": false,
      "antibot": false,
      "antiviewonce": false,
      "antispam": false,
      "antivirtex": false,
      "antimedia": false,
      "antiimage": false,
      "antivideo": false,
      "antiaudio": false,
      "antipoll": false,
      "antisticker": false,
      "antilocation": false,
      "antidocument": false,
      "anticontact": false,
      "antilink": false,
      "antipromotion": false,
      "antilinkgc": false
    },
    "6288973686537@s.whatsapp.net": {
      "badword": false,
      "antiforeignnum": false,
      "antibot": false,
      "antiviewonce": false,
      "antispam": false,
      "antivirtex": false,
      "antimedia": false,
      "antiimage": false,
      "antivideo": false,
      "antiaudio": false,
      "antipoll": false,
      "antisticker": false,
      "antilocation": false,
      "antidocument": false,
      "anticontact": false,
      "antilink": false,
      "antipromotion": false,
      "antilinkgc": false
    },
    "6285291181791@s.whatsapp.net": {
      "badword": false,
      "antiforeignnum": false,
      "antibot": false,
      "antiviewonce": false,
      "antispam": false,
      "antivirtex": false,
      "antimedia": false,
      "antiimage": false,
      "antivideo": false,
      "antiaudio": false,
      "antipoll": false,
      "antisticker": false,
      "antilocation": false,
      "antidocument": false,
      "anticontact": false,
      "antilink": false,
      "antipromotion": false,
      "antilinkgc": false
    },
    "6283861746103@s.whatsapp.net": {
      "badword": false,
      "antiforeignnum": false,
      "antibot": false,
      "antiviewonce": false,
      "antispam": false,
      "antivirtex": false,
      "antimedia": false,
      "antiimage": false,
      "antivideo": false,
      "antiaudio": false,
      "antipoll": false,
      "antisticker": false,
      "antilocation": false,
      "antidocument": false,
      "anticontact": false,
      "antilink": false,
      "antipromotion": false,
      "antilinkgc": false
    }
  },
  "settings": {
    "6288973686537@s.whatsapp.net": {
      "totalhit": 119,
      "totalError": 0,
      "online": false,
      "autosticker": false,
      "autodownload": false,
      "autobio": false,
      "autoread": false,
      "autoblocknum": false,
      "onlyindia": false,
      "onlyindo": false,
      "onlygrub": false,
      "onlypc": false,
      "autorecordtype": false,
      "autorecord": false,
      "autotype": false,
      "watermark": {
        "packname": "Sticker By Daffz",
        "author": "Daffz\n\n+6285601059864"
      },
      "about": {
        "bot": {
          "nick": "Aiden Bot",
          "alias": "Daffz-Ⴆσƚȥ"
        },
        "owner": {
          "nick": "+62 856-0105-9864",
          "alias": "6285601059864"
        }
      }
    }
  },
  "message": {}
}