{"version":4,"hash":{"type":"Buffer","data":"mWRLJ2LhWNoabLixdrOR8iHH4QF789eyXalvPxsaSJB2WRy2YIowAenBu6i4sGbpBlIkwDfbUIsEI4x5J9TbJDhhm304MhFtZVGX1Pe+ZULdLG+0TqPvQlv17R6KZESK8LiOG74Kymg3TyNlJ8OaFpg1yVISRkRuMbwbvGGn5PA="},"indexValueMap":{"wn5zEvFOg4oVcW1aCjb21TenfICSLaXZJzTgPBj5xUY=":{"valueMac":{"type":"Buffer","data":"Pk1NM5cAadN6lVw8C6SIqAHe9gWhkUOsn8hl/1GlkrU="}},"YjWjWPrqY+drQqncyQPoWqB1H3gASWlrwUqcT9RVCzA=":{"valueMac":{"type":"Buffer","data":"S+z58YRLJgo4GjChvMTxkfeUJHz1lfXm8foMffL1g5I="}}}}