{"version":31,"hash":{"type":"Buffer","data":"8bZZKonRgorr8Zu40Znruxdvm/DtmxCvVmLBpBELNkO0QyyHZwwiGjeez6syT1AGkFcUZn09EOCKBpkj7H6rurgXW7yI+9u54nRYYnEnZY+rMmwP/+76XUR0IDDmo+EuMd98hZnilA49w2ZDwfH90crHIzDsSQ6aPenXMht3U7U="},"indexValueMap":{"AN6ew+elsdmAmyYaLtjRPBmTDdzjUU1AZC9yNwYqQkQ=":{"valueMac":{"type":"Buffer","data":"8quMS7KrbKu1Y9XWI8JbKKr2TvBAf9k7+4+Oa9+2kQg="}},"B39Dr2H0vhbQl86SOXWDCqY+2+cCnDY4rLqfSDRPVpY=":{"valueMac":{"type":"Buffer","data":"C92X3so8a2MMCsxoPKyZAiIqSDHeWiKinHSKIU1CbqE="}},"CX0U8Iu/WCdjgQu17NywNT8V8tFOJ2sgeR/qYawlalU=":{"valueMac":{"type":"Buffer","data":"2az58vy8sHMiL/AuD8+Tirf2H8Ft6V1JCfMVYoFSBdo="}},"D5paIAjQSZEs5/mQwZvDHm3wOTDd2eMBOi/FFuKJGN8=":{"valueMac":{"type":"Buffer","data":"5kRZIaXTOu9ZQD6lZFy7yVoJSKfFKyw6CMBiGA+95x8="}},"IWc/9smWBwaqLXDKBpwZpKdZfnp9hVDecGsCelUKkoU=":{"valueMac":{"type":"Buffer","data":"u3Nz+88JpGDUQn/hdV0VQ9sM4GxKl1hXuEj6ZfFWShs="}},"KFKiedYX6aEByGXYErXlHsdbziwEGfb6KbQchdfVehk=":{"valueMac":{"type":"Buffer","data":"uNYsp03ZuoGLotEJmvHYcDzfhJWS3bFbJR2/LLUMRgA="}},"KRZixLZNPJzPgfcqD3Ulzk3M1he6SwqxioEQ4t95BZA=":{"valueMac":{"type":"Buffer","data":"FVEpoN7x7FjGWQEd8atXp5xQVkSZ/Mg/2E96+4+8jyU="}},"LDnEoMxgroWyrISKTKbaWDTfHoTo6VoDgQV4j6sVCRY=":{"valueMac":{"type":"Buffer","data":"YH+c97TF2T3L32gD3VHjvxtl/xnEiojZC7YoaH5moBc="}},"LI/4Yd7ZzaRNmoJ8GNDivz95dMWwzOshVX3nbPiFR4c=":{"valueMac":{"type":"Buffer","data":"Kz4KPWB69wdJCo3jzyPhIUTwDi2YJHwez4sBLIoSXwQ="}},"LluZnT+xaqQBkJVB8VlMy2mNqRzHXUPQzmjoFApSvfI=":{"valueMac":{"type":"Buffer","data":"9WH/L297CvqKf6LJMreR8W7tOvG+JWy7XIGS973f8CY="}},"OpBNvt27KGiC6YQd3gwiHb6Ue13+bjqynZLLFfXPJPw=":{"valueMac":{"type":"Buffer","data":"Pqhu0hT5sCD+XkoRyWlayjHpbm2Uea+03iRCHzCY63w="}},"PHnHFlRXOJnrjyGdvbwkFjwe9/kOUsXqf6vRJRJousk=":{"valueMac":{"type":"Buffer","data":"nJpr1pRK9bjb8ZuLp8NBp/9ElvwzCOegVtrBgVi+a8M="}},"PUWwHFYgHY030OLekmSy3V0bAm4jGKwn/nI/VkwAX5c=":{"valueMac":{"type":"Buffer","data":"3p2g+e0eA1ESTAUbWz93cI16hb4xgwzX4hrCfRHnN2Q="}},"PqvGr3jR30QggFwWHn9ZMkk5jl2HOsXTkD7Pgvibtqo=":{"valueMac":{"type":"Buffer","data":"7bGsn8748AkcoUEAUpAGjU+f2AMWDgcVitF5yV/SCDE="}},"Qtbs79XgZ/DSr3HvqQYuwvz+gRdue53VzoCcAQRjUQw=":{"valueMac":{"type":"Buffer","data":"BGuHbvObiSzWBdwznlRCbfgQ31NxO5fTKw2lxTTsYds="}},"RFTMAL67+ER7X8k3X7qNHgugv1t72UlT5of0SYN+cfE=":{"valueMac":{"type":"Buffer","data":"Fn+JwjANW927sGTQ6YJ0p4Zx+atFKvBG2AwSe45ytXc="}},"UtqfGtHbu2H5AjigYl/wqFdUx82Ov6ifk33O5FCW5gs=":{"valueMac":{"type":"Buffer","data":"nMS/e9UFsLfwoaqtcBTVcRXE3ttQcHeHR8fnIcNSs7k="}},"Uvr1xnLnqa8ai4q29uyChodQIQkCJF0UY37h2VYi5q4=":{"valueMac":{"type":"Buffer","data":"BsTwzgTbEJAVp8FVPhbXsemkuLkmEHZtJ18NySTRT/0="}},"VQ+bUOZdz17z1nc1mDvY442RphbNRtHWtJXaHyAUTNM=":{"valueMac":{"type":"Buffer","data":"wbPCyMQFDcpJ9dmqAS5/6xZP7gGnTsPBR+RdxFb5FeE="}},"Vt0cC7Bn8wRig7gv6oR6Rih4o4bMWJItJROvbF+5oFI=":{"valueMac":{"type":"Buffer","data":"k2sGliRTuFSNlApDKRPCfxlvjkH7TocU4K6e4R7Ogn0="}},"Xkl7fPBOvbPA7S5Ytudr48qKtVdi++Gh/A0ymVvHFRs=":{"valueMac":{"type":"Buffer","data":"ltCTU/ZhSwRjT82XpcJbqi3VDb+Egnlp7ZYdiGnjcgA="}},"X3AHUX0nWKrgs6PrTghoVXLDYKTkQInpPQ44eWfges8=":{"valueMac":{"type":"Buffer","data":"pan0C3pUqDYS3lLgZ2VZWzq/jPmxFnIoCpvTbdAePR4="}},"YVzK78mgASMeEBW6JjndzmKTGlTi78sqWsDxmTNGkpA=":{"valueMac":{"type":"Buffer","data":"Su7McJNg/gz3VVhWetKVQHhz+JKMgGsFGMlt3qr3VUg="}},"Y5KGXEFSS03w/oL3HaR2tbus2Bjptqh2MV/CGhWxdQc=":{"valueMac":{"type":"Buffer","data":"T9UK+C72XQOe9YiyMvnVms8v7b0eo1LlymGvD49YlEY="}},"aCthkCNakEboP6JI2PW2Hy10sOyNgyWBfx8+EQCQ6Ps=":{"valueMac":{"type":"Buffer","data":"Wyt2Gxgp2YG931ihQK3EVzexjUbnOp1RZMbZsxUMo6o="}},"bNlREqlaBwIYNvDl7WED9AhhBmhCXSYmmfDN12sqfr8=":{"valueMac":{"type":"Buffer","data":"I8bp+F0jxPJE1mAS9CP8N6Jpr2zXd0BXLjAL7lLIoYk="}},"bng8KOMhmuWPWLzTezgPGy8fH3DYBCcpWuQ7uqUHS/s=":{"valueMac":{"type":"Buffer","data":"eyVGnQfmdBaurrEFmUnrWSW/GNj2xEcWOidqHg3nGcw="}},"c+dYTt+3xlkYRC7rTSXDd+XbV9OetN/Uc8jWRXaPQo0=":{"valueMac":{"type":"Buffer","data":"EfP6CzqIMyQMwfuf4ZxTw9RZgaAEznnvXpfBcJusDCU="}},"dv7/9yPF/yCo0SJ1Rhu7S2PyuwBMWR0bu2ZfR0JMTo8=":{"valueMac":{"type":"Buffer","data":"E0zc9bJRAtmt3eKEqtQ1pwx3y1eAYRJHVy4nSA1Kq1w="}},"eHYCMEOhtZEBDbzHYp4XgQ+fzL3ql6OilznkS0D3tr8=":{"valueMac":{"type":"Buffer","data":"Kl/hIqU56mUg2mlQWKC8qkeLp0j7LszK3EZwXZmaG1E="}},"eWRxGchoCVfhSw8BvhBDgNdF8oq7VLWnMHElJ6HRNTQ=":{"valueMac":{"type":"Buffer","data":"tWgJu9PYBUuOvBghuVbB0AL0ZaZ+bUYrZkFtxiI7ybA="}},"fAhylHXoVLg8aFmKILocZmyb23gHOyWVdU61C9k2KYk=":{"valueMac":{"type":"Buffer","data":"AUw3QjpjiXVNNiLbr/EUOOdQbVCaXo9VrcoCbl0+K6Y="}},"fqaDmZXpV65tNUI7zBOcrh/tx++s/aZVVmweyjW70A0=":{"valueMac":{"type":"Buffer","data":"sx39oFldOoENyeAfuMXrWrGnPC3weXA0jGSlLBj7rSg="}},"ibwzFhidgX60r00+drXOSly2+naXCpKShR7FFbigCww=":{"valueMac":{"type":"Buffer","data":"YzsX4OJnXZ71cJUzVUH4C1p4YNYjqJB/i7Y7GLDyw7Y="}},"jZl6e89Ce9xVjmyh8pW8+JvQVXIZVKbe66u0hj8d5CM=":{"valueMac":{"type":"Buffer","data":"B1JyQz/YBl2mAFimER4ZJC5jSAgC79Ucighf2KrYqU0="}},"lQEhbzyEOKjf2/c6p7UXkGuY+BrbmEyeu4UtFuNsCug=":{"valueMac":{"type":"Buffer","data":"7CYashR7lyfCCDeG8JUKFsZ6Y+MLf2UXTDN8cEB9y3k="}},"lnr5ivH5xYLNjppDkZQl9YQrk9KgXmo2MP/UhJcEUZg=":{"valueMac":{"type":"Buffer","data":"XGXJJ8ihxcv7elqZ8ElEzeZRNuQETQXl31zPCvrHtUY="}},"mlN3j8hDgXieeGfJQotq+fFnHMXtF62xENoLDqZuzOs=":{"valueMac":{"type":"Buffer","data":"Os9pUDNpBtU0RA5dtcnfY1JiufdPbyv8vrxvxGFxcmo="}},"oWGcfORt8rNnRixhdxTPiIYX77VU7+cYmNS4Tgwczno=":{"valueMac":{"type":"Buffer","data":"OoNWW5v7oou8UlR9lNy+fPIxEXdkfrRCZtFOwMyXgq4="}},"qMyJprZnzItZHXp9crxBaAO8HtKdnoRPc3oTwrvJEPY=":{"valueMac":{"type":"Buffer","data":"DoVAYne7PC/GliWla0eLbvmJJ8vupJWSb+88HiZTny8="}},"sK0edehlC/sqsI2+5+jknSrq7WLb15Zb6P7xCSXkAo8=":{"valueMac":{"type":"Buffer","data":"NPIRrPcHjwPIGmMEVFU8BaiqHad1hxGhBeS4AFrvntA="}},"tk2sxYzfQvwR0Xp1DLJGrDt1oJjZQt+VhqndGPqwhx4=":{"valueMac":{"type":"Buffer","data":"+5biqLE3PuqduhgbpCnedhI4ijDq7F7Udv70qScKvl4="}},"uJdeRsuq+JMNkLWJEcgEuzkqMYjY/SxzJhTtOMkMwcI=":{"valueMac":{"type":"Buffer","data":"SW7Poi4RMIpU4qsTcxO9VUhtG6nqWAAXaHhSpnaf5JU="}},"wQLfviARO4rTwxMyJrTfnR93ECV+S+JdW0iOJ/P+6bk=":{"valueMac":{"type":"Buffer","data":"J0skd3tiA6fL/reOxbPY+V3alZpPrcvUfwlYsJa3J58="}},"wSM9vVlaey/rfgPOGzSmEyjjolF2cl8JTgLWTIRBDCE=":{"valueMac":{"type":"Buffer","data":"SB/4SoayElzikbquuWVKMezXUZaiLv9alCtJ1QoG2rA="}},"yAMik/VWl3llKSTyctk+ecY+/NeE2M9jNN6NpoF0cpM=":{"valueMac":{"type":"Buffer","data":"c0PTS74tO0HujIdtATDy0l3PUnK1AG8o9stqyfXqtOY="}},"yvE/rODy/MqHHz05Zey7+IYprET6FrI/I/pRWCb5Fk4=":{"valueMac":{"type":"Buffer","data":"2T4Oxf48oR9Rj/SZmYZ1C7tyCH7Q/n6qZnQrx6HfLqI="}},"1OSLYgzOz+9m4srJ9qFft6kFhTdQ2z/7SiYMADBl5ik=":{"valueMac":{"type":"Buffer","data":"TJ1umawEmuTuGpMcENdCQf7W9g8s2/CNZJkbRfd/U00="}},"1tjiy3HI471PLWbtHDNqvz6MKgoyZF2yLUz0HmQMRAM=":{"valueMac":{"type":"Buffer","data":"ivp/PuDMlI5lVs/gN7sHqWNEOm07HJ6hKhjyBF+EXvQ="}},"21Fy+I0jqlHxIkxS3iYda0DFty16QltEi+5i1DOlnLc=":{"valueMac":{"type":"Buffer","data":"gQSIHHpBHxnkroTNIozP8q/ve5VYEn+t8qbw0l1iZYY="}},"3af9rHmDfNqitM5QPtW/zs7o5L4snqtgBtPI4kAAJD4=":{"valueMac":{"type":"Buffer","data":"pvyLIQEJvgnPL8uVyuFCsptWmX5lhkBxueLbfEbwzIU="}},"3auFgQEHL9fE+/z/1kbmfj0P31KJJYwpVWUGyw00OxA=":{"valueMac":{"type":"Buffer","data":"IqQ2Gcw78kynkdtaaPVs8581D19XM/w9ErTtAaS/lWc="}},"5NtR+AdpEbtXSvgM8KbzP9vJPaxz/t9xFfzVg9xzAF0=":{"valueMac":{"type":"Buffer","data":"P+SpyYyh4yxiCGk1VlCFwVQIQWZNzvTBVvH2UUBOko4="}},"6HU9yEzYgsdrRv6NNOXkmfqh6ieXumQ43XvElZLq58I=":{"valueMac":{"type":"Buffer","data":"U5r5jqtwOkQPbxV4aeW+G/zZ9fePKSQa7rEn6CWSKnY="}},"6KX4P8NLgePDbgKGcTPJa39Fh9+speu7iZuNpAXZwRA=":{"valueMac":{"type":"Buffer","data":"b0eyte8H01fQk6W3QZJRilggONe2U6+3HR4gPTDfkxU="}},"6OUn/PlwfGoc10r9uAFAMwfOSr1Iwb96u91l+V1uteM=":{"valueMac":{"type":"Buffer","data":"Aa6jyWwNBJLK5F5jA8oSpw2PlQydQGGA1/cNAbWwlnI="}},"7Z+l+4Kenx7Lqcy0+1YguLMax9/8TRVL2hUUZWl9Abo=":{"valueMac":{"type":"Buffer","data":"ECgZXZBjsI8eZ9G9turGHCVd2wLmzhi+gQOnbV6btys="}},"7tKox43KoccV5OyMzJKnT+FOAMzBhQ+o6LkYSLXcSh0=":{"valueMac":{"type":"Buffer","data":"yBI7ZStvPVF7mhcb8Qm0tBz5ijFVokeFryU2Wbd7fTs="}},"8cPhocXtZ7ZLRR0324qAeJLuiKooMxP2aACl6cRIcU4=":{"valueMac":{"type":"Buffer","data":"w7uT/8JgSk/7lJ/jGMnGcoAsgKQ1hSgb6F3yvq/h+Tk="}},"9P6s/eXzJ/j8waRKOVOk2j0A+uKLcDqoh52LchCuVUQ=":{"valueMac":{"type":"Buffer","data":"AGEZ36SUgDx2wxkPRxYY9bmQyLGrVyi8w61o+l6BWw4="}},"+3kOikQory/xroOEEJv8vsyuS2qaEVotsgirSilrekg=":{"valueMac":{"type":"Buffer","data":"W80nosMWRON1gZpZlvUSXbIMqzC2t3MxS7hkHRhf9O0="}},"+5kxszdTYkoBcPX5i1aYUnjiox3aPS8m9r6vnKSf3W4=":{"valueMac":{"type":"Buffer","data":"sV6FIXjPbn68vnBuTPk1lEEyAY3HU8jCfoc/eOreOTM="}},"//85mDU/Z9CU/SEzsQWNYkZJ1B6za0xGxCeJ7iVxywY=":{"valueMac":{"type":"Buffer","data":"4NG/3ULqbHPfraKNZP2Z390rQEx1X9QLiOwq1ifsgB4="}},"9sACxK16VrZC4s8byhigtcyY8abhWzvucRI7mXDepWo=":{"valueMac":{"type":"Buffer","data":"ATa1UkW/J/YhE3pSTuvbD09qNerHWo1emj3+nTQKGm8="}},"ldZclj2tZ+4vYaUpYHqPt5Xa44/lIkgNviWIXjWcyao=":{"valueMac":{"type":"Buffer","data":"wCNZMBdqnz+j6R4D7zcPnODu5UZ2rkD4Bmf8N/PMzsw="}},"nIWLljIy/DnlLZZlA3vH9H0GFZWLkwMcIeQGV+Va8Xg=":{"valueMac":{"type":"Buffer","data":"2X6VcfQmnTV81cg/MpTzGx+LjqBOTozfq48dudE5DlQ="}},"l6wX1dMUvoai3hGh+bLqlMlMVfzFFwKDSV9jQYOuklE=":{"valueMac":{"type":"Buffer","data":"79/p9apaQ0oyxcZuHfOFOA0x8vVoRbRcl6N3MCDLyLg="}},"rRkFfhP+Wjz2YsLS5wQ8be7sYSSdCEEzQQv22N9x/xQ=":{"valueMac":{"type":"Buffer","data":"d8gnAhCOHjs+KzNkLqzo+49DGXcSJ82J0b5RL7djFPQ="}},"KCe6xlJbfO2oSQO8+VqIsq2RN0vqBxDq9QurKtTuiR8=":{"valueMac":{"type":"Buffer","data":"/5R/3PEfef6Ty4fefB9SEL1P7txVVKbz6pTrlSRP5Pw="}},"rOGzQz4OvlRf7Y0IPJbO0V7KU3WOiNOydWOrlW8igLs=":{"valueMac":{"type":"Buffer","data":"ldF3+JDdVyo24YH4YEk/INMy9te6wfHeeDvHvS1zWRc="}},"kse6HLA10zzg58IrhVPN+17DPpDghAPMdR0zY2qTHDY=":{"valueMac":{"type":"Buffer","data":"ySK92uu5o/Vh0e7F6gYPGGS+YtgJ+NPHZsdiEdYFM/s="}},"1sC2dlImDLH2dk/e2jqWVCjd9uaspdfSPqyI8MWp5LE=":{"valueMac":{"type":"Buffer","data":"4zhJEJ02H8EdDC2QTufEZQ3xj80Bkp3Is8kaXdNJSrI="}},"gcqsdtjleha/iLZpi82PlOd884XI11Ut5jAwR9N/1No=":{"valueMac":{"type":"Buffer","data":"X3NCy2v4XvwdUgxuZi+odZVeFcT8pVPbzHqJKh4BU1o="}}}}