{"version":7,"hash":{"type":"Buffer","data":"5G4fLaizNW/MOYytVqhCKXD7kSatsaDwmHxoBOOfj1L2yM7KV0ILlchA/42VOGprd673CIGQp04s0J0//SA859rxD84f5PYYwClIQkoti/dLLUuJfRATRFZFiUUeoawutEeTAn6Kbg2tul9gEU8jKx0uNTF+ZhbT/kRPCtH5sTg="},"indexValueMap":{"Gyvv485mB0/RWtZOhAlVKPJ6N5pJUQWTcUV9dfFKmO8=":{"valueMac":{"type":"Buffer","data":"Ss7hjQIi0LWpNgXgrlJl6/AliT3JqQ38jLk6tODA/4U="}},"fAcFf0+8Tb88B52kanUXKg4C0iYcViC0iBD503VUCn4=":{"valueMac":{"type":"Buffer","data":"em0/fAELh6NvjFsafMA3+KT0jOk/t/qfDdcRjTolAQs="}},"qpgwpbiIgKyOfZuz8AkKtcQL9za8Seb5ElB6ird0pQ8=":{"valueMac":{"type":"Buffer","data":"LECnu7XpHA3vabgGHB30AFqfFNQ6lRJo7BXAUFs+1aQ="}},"1D4ZDX7IPF4nO4SUO5SuClyn054QSzxh9gX50ZIFfwo=":{"valueMac":{"type":"Buffer","data":"nsdvLMTvSgs0e0PVNc7IehSp3NjYTLDBqv1KqnWqevY="}},"8Pz6szy6Rc5vW8MNmKFu68paAvastp0aEPyX4zcfu1g=":{"valueMac":{"type":"Buffer","data":"TdEMRVy1i/P+eHDOipjJXi7UNtz69TEKO5Tw9shk2U0="}},"tu2xZP01pO/L1uaBUe+yB/b8QqfyBkbwk26B/ulQeWE=":{"valueMac":{"type":"Buffer","data":"6zTm38Gj1nuS7h8TRp2ObflnTRuxFhOnBA4nLTIfcA4="}},"xYOju6iLEDu7WS9a7TaF2BjW914eaAUUtLQTGRYgs14=":{"valueMac":{"type":"Buffer","data":"vzkcQ8T84UQSaPTYdP3gCF3oFQwpqV7f0rJzldWMNIE="}}}}