{"noiseKey":{"private":{"type":"Buffer","data":"IDD9hNiobLz96xcPjhuXe6CZFRDvWSat+A8QCAHWC3c="},"public":{"type":"Buffer","data":"B8dhV8us/3vRjLlFGsKLuB2Lvo6YHTyAXvlygoNAgjQ="}},"pairingEphemeralKeyPair":{"private":{"type":"Buffer","data":"4AmZLs+FL/Sc/9h93IcPJ0NIOsmD5oz7b8f70+2h4Xc="},"public":{"type":"Buffer","data":"3AaFJhWZ5ZoDukY6+jMtRma2cIKJCadpgbX4IPTvBDw="}},"signedIdentityKey":{"private":{"type":"Buffer","data":"WLeZ7bqMmoQIggo3H/IF6gK5OvBq+87nVjnk3Ow1YnM="},"public":{"type":"Buffer","data":"vJK+0Nag439KwhBgFiwhnMMr0PfF3T2gQfaLNR0Oz0U="}},"signedPreKey":{"keyPair":{"private":{"type":"Buffer","data":"SFYkXkrVLveXWiTP2XgfhXxJHmD9OURriIIofRu3UnM="},"public":{"type":"Buffer","data":"U+q/MhKTq41lxxIcTA91JtEGNXbE3ob6b62IpLlU6yU="}},"signature":{"type":"Buffer","data":"f7UvHs0frH3Y/Fua2Hb1awGdIUgpbCUiBzz/7e738fQiW5JfWGHyvM8whWMnV3y5+NUrXW63uHxrWlCLRYEPjw=="},"keyId":1},"registrationId":127,"advSecretKey":"OUzCGWVJjR/3zCtSmamUxLLn7e2m0FH6xHRwpzoSDt0=","processedHistoryMessages":[{"key":{"remoteJid":"6288973686537@s.whatsapp.net","fromMe":true,"id":"99F403D6AE486F7B1EFC79066726DEC5"},"messageTimestamp":1716128696},{"key":{"remoteJid":"6288973686537@s.whatsapp.net","fromMe":true,"id":"F5825C430E0082B552AB3BA5F15058E1"},"messageTimestamp":1716128696},{"key":{"remoteJid":"6288973686537@s.whatsapp.net","fromMe":true,"id":"17F72EBA65219DA26692B0393BC45915"},"messageTimestamp":1716128707},{"key":{"remoteJid":"6288973686537@s.whatsapp.net","fromMe":true,"id":"F488A4E64E6E21BDEEE52A4D7A618128"},"messageTimestamp":1716157820}],"nextPreKeyId":32,"firstUnuploadedPreKeyId":32,"accountSyncCounter":1,"accountSettings":{"unarchiveChats":false},"deviceId":"suHEfyAFTvGKeouwb1r34g","phoneId":"b7673cae-2f3e-4e18-be12-a77af12b5e20","identityId":{"type":"Buffer","data":"WkzUz5g5kudIUn/PnDzIBTPYfYU="},"registered":true,"backupToken":{"type":"Buffer","data":"9HJ6JpuUjmiUyedzN6GkkaH2wAM="},"registration":{},"pairingCode":"6NJXG6RK","me":{"id":"6288973686537:5@s.whatsapp.net","lid":"232414085406770:5@lid","name":"aiden"},"account":{"details":"CNfOqtwGELKXqLIGGAMgACgA","accountSignatureKey":"lvTH3CRmON/m+WuUZxKQ+Y6FEN49GEklHg9wviW88kg=","accountSignature":"aqbWLILkwKkbW2toEuY7+7hGZwoYzGcou3pKMVa7bLWid1Av0WtDyYFmbtDTUybZe29rdc/68fvUZFnM13VaDQ==","deviceSignature":"7XwgraIJgxO1w03mf/lMipHaxx9nbRmVT21YmcfRGeWT1E0pgsJJpGpNHm0XV1c9mrgnLLNGLE/aQl4sl6Tcjg=="},"signalIdentities":[{"identifier":{"name":"6288973686537:5@s.whatsapp.net","deviceId":0},"identifierKey":{"type":"Buffer","data":"BZb0x9wkZjjf5vlrlGcSkPmOhRDePRhJJR4PcL4lvPJI"}}],"platform":"android","lastAccountSyncTimestamp":1716198334,"myAppStateKeyId":"AAAAAMlR","lastPropHash":"3H9ELF"}