[{"senderKeyId":531503879,"senderChainKey":{"iteration":50,"seed":"x1EEMFB+64qJrVjTl2z/U0UGMpHXBLX4nkpPoBG2XnU="},"senderSigningKey":{"public":"BRVcvNVrZkXUiH2THGXRUFCh5doAPZE6MdjMBxXTPDcp"}},{"senderKeyId":531503879,"senderChainKey":{"iteration":19,"seed":"fra0q2QwtXY82355GDDcYOT8x6+lW+303XXWsnvzbxQ="},"senderSigningKey":{"public":"BRVcvNVrZkXUiH2THGXRUFCh5doAPZE6MdjMBxXTPDcp"}},{"senderKeyId":531503879,"senderChainKey":{"iteration":20,"seed":"7t3DGEbBc5jfAme4K+D+4wMmr0d4QZK2qJNe+3CM2/I="},"senderSigningKey":{"public":"BRVcvNVrZkXUiH2THGXRUFCh5doAPZE6MdjMBxXTPDcp"}},{"senderKeyId":531503879,"senderChainKey":{"iteration":41,"seed":"Im6xFpu8tT6qMG22wuy/UCMWvSACAuHv3hHldjnxQDY="},"senderSigningKey":{"public":"BRVcvNVrZkXUiH2THGXRUFCh5doAPZE6MdjMBxXTPDcp"}},{"senderKeyId":531503879,"senderChainKey":{"iteration":44,"seed":"EWKxBtbBHTbVrV3KkkevT9A/vhMK/nKOdJHx20FPB5w="},"senderSigningKey":{"public":"BRVcvNVrZkXUiH2THGXRUFCh5doAPZE6MdjMBxXTPDcp"}}]