[{"senderKeyId":1150243846,"senderChainKey":{"iteration":53,"seed":"/uIZE5V2uMVJJPjf458RaNsySPy0/QSTLigZgT2XmiM="},"senderSigningKey":{"public":"BccO7t3Zn2TS9g0X9SSVi1r5UliOUhX7QBkkNqEM/vYA","private":"2OreiK64U9yGR92Vg12zp9WQoAeUbfEmNTetUtMq4m4="},"senderMessageKeys":[{"iteration":1,"seed":"k7Jsa+lmgzohzd9v/Q42I95qVgC0hfOaBUFW2RP4t5Y="},{"iteration":3,"seed":"jfr9Wip5sBBZ6wdS0MVLfVdmEvJz4X0Xt1o1eHVyVYs="},{"iteration":5,"seed":"KOIbWuRwpxadj92rKLkA/rEgKG/OJh6JNNTIqgFWN24="},{"iteration":7,"seed":"odSElWCAF4Dyx2kPXxJuMU0SP/nu2sSG0bQHoFDz27A="},{"iteration":9,"seed":"oEbpcZntzr2T8fsCWuuhMsfKaf9eQKYDBFCJo/gViGk="},{"iteration":11,"seed":"WvIyDAtMRnhqvnuY1Z/atM5eBjcHpguklhLdbJ1mUrU="},{"iteration":13,"seed":"clYH0QHsOAfKc2lPnkf5VIy7LN35edbAun+0Ht7mtBI="},{"iteration":15,"seed":"SgrmOCL0AIeD1aP6xbHutCEIXZ4t2kkLk6FKURL91P8="},{"iteration":17,"seed":"o9etRz43sinITP4zZ9LH2uhVNgpl6KE8cwT5kzQTWac="},{},{},{},{},{},{},{},{},{},{},{},{},{},{},{},{},{}]}]