[{"senderKeyId":2131837851,"senderChainKey":{"iteration":537,"seed":"rbx3JATTdAMyGOEPu0ztiyF+9AD/6GPMu/GUNg6x+BM="},"senderSigningKey":{"public":"BRLWlc13dyAF78zQLBAljyMjAS+h26dXwuYsdsPpE34m"},"senderMessageKeys":[{"iteration":525,"seed":"y81q/J4UtZ0H0Od8j/mVECnWLg+UBzEvVJ1rSbyLkOY="},{"iteration":527,"seed":"C+r0Y3lb8BNInSX9yOUaS6uteBD3IFTzkfQRGklxu1M="},{"iteration":529,"seed":"rR2yVnAgAfKDiBRmUjylewDNZMQYaLy1gQ12sQHUSVM="},{"iteration":531,"seed":"/IDSJdf8o95xOkijxAmc0OcosMG3KgTbdqBH7+0Trb8="},{"iteration":533,"seed":"ye3dq6D6JsvvcrCe8Vi0qNCHkwRksCdUxdDXqNOvd90="},{"iteration":535,"seed":"09Di/be9eXxGaP5eXb8e/AIqPcJA4hITxwA7FkAuoeY="}]}]