[{"senderKeyId":265035053,"senderChainKey":{"iteration":57,"seed":"c8Egw9TI8yk6/duwFC5BC73lYZPxAmhj8T7cGnxcWYw="},"senderSigningKey":{"public":"BaLnXIwyQ345MgPSgiTKrUL39OoIjSMdhS3bvmJkgU9X"},"senderMessageKeys":[]},{"senderKeyId":265035053,"senderChainKey":{"iteration":53,"seed":"UFOxLRlQVzFbsK8JneOYek/kg/D1muu4a4s/eQ6cTrU="},"senderSigningKey":{"public":"BaLnXIwyQ345MgPSgiTKrUL39OoIjSMdhS3bvmJkgU9X"},"senderMessageKeys":[]},{"senderKeyId":265035053,"senderChainKey":{"iteration":55,"seed":"amSMrzaLiiNnXKRzppXbAWNRuYFdj6RCQKdlk5qGTCk="},"senderSigningKey":{"public":"BaLnXIwyQ345MgPSgiTKrUL39OoIjSMdhS3bvmJkgU9X"}},{"senderKeyId":265035053,"senderChainKey":{"iteration":56,"seed":"CjqPVE4AUpu13l+58HRcB8bCFZQE3BSoLyJ9W6+Dtu0="},"senderSigningKey":{"public":"BaLnXIwyQ345MgPSgiTKrUL39OoIjSMdhS3bvmJkgU9X"}}]