[{"senderKeyId":737515787,"senderChainKey":{"iteration":0,"seed":"FDbbbgbF5HGCtirRCEac6ad11rzlu90oPZYwcIru6sA="},"senderSigningKey":{"public":"BTn1rISWQUf03Vz7/cA1FnsHgMKZ2py1MvFQclDMgHk3"}},{"senderKeyId":737515787,"senderChainKey":{"iteration":15,"seed":"Nw3rybWIxMeD06kWAyhB+hU4Rmyh5J8dyTDDThfNS1M="},"senderSigningKey":{"public":"BTn1rISWQUf03Vz7/cA1FnsHgMKZ2py1MvFQclDMgHk3"}},{"senderKeyId":1371155104,"senderChainKey":{"iteration":9,"seed":"AfKfbjBJHVDjVX3fvc0yTz5JGDw56DEeZ3HEUU80w6k="},"senderSigningKey":{"public":"BecjLJXv74WXCf28NRH+bzM8+JUmlPqh1KTAO5lsqbxf"}},{"senderKeyId":1714758643,"senderChainKey":{"iteration":1,"seed":"cMR2NnRWc/gz6uUUZgIFMU4F57YmuDBx3aNn7S9Xr0Q="},"senderSigningKey":{"public":"BX2cygFBgjxOpozrTL/pEvdX+Uaw+IC3TxsBGOyQvO0T"}},{"senderKeyId":1373484272,"senderChainKey":{"iteration":3,"seed":"fYuHgPxTP07PBaQ/cngMPkbnBS6Uv098EHIYZJi+fRI="},"senderSigningKey":{"public":"BbWOU5dw1/ekXc0U9Pbvvy2Q27CgRLztgW1PlbslD3Vz"}}]