[{"senderKeyId":2142060040,"senderChainKey":{"iteration":8,"seed":"4kDk5YP5oAqV11LSQDJSdKjYHT0FXUuriyFbcuFtLFY="},"senderSigningKey":{"public":"BcA1wOVgXZjB+FVdwOmcSWsLzBD5G8U6xYK7PEK1WKM5"}},{"senderKeyId":2142060040,"senderChainKey":{"iteration":5,"seed":"baDf2KahFOfGUbMGJRGQlDJXgo9wmBlX3SEE1YZLah0="},"senderSigningKey":{"public":"BcA1wOVgXZjB+FVdwOmcSWsLzBD5G8U6xYK7PEK1WKM5"}},{"senderKeyId":1146685961,"senderChainKey":{"iteration":69,"seed":"Ftc4YSg8JVOfjOA8hwDViz5gLIPK8EydHw9oJSlMri8="},"senderSigningKey":{"public":"BQxPIqcYjFBZUT7Fz+Mp8CfAYqONTIeRGRMUixtONRlN"}},{"senderKeyId":1146685961,"senderChainKey":{"iteration":46,"seed":"RjLIaptokAXvCr2nTlmXJbjl1nMoWtn1aWh3XF0sO6s="},"senderSigningKey":{"public":"BQxPIqcYjFBZUT7Fz+Mp8CfAYqONTIeRGRMUixtONRlN"}},{"senderKeyId":1146685961,"senderChainKey":{"iteration":49,"seed":"gTL+BgyRAC/KNYiJTTcSNP2m5Qk6ajtZso0D8VAr/Ws="},"senderSigningKey":{"public":"BQxPIqcYjFBZUT7Fz+Mp8CfAYqONTIeRGRMUixtONRlN"}}]