{"_sessions":{"BcvtjWg09qgD6EYoKDMJLMG4nIUBdUhWgh55tFXAX5RM":{"registrationId":770874636,"currentRatchet":{"ephemeralKeyPair":{"pubKey":"BbQih9Vsqq7fII2ZPP5HPbZw4A2RgGBcfbPMhwflmwEB","privKey":"SFBLXBLGvq3tjuA/nYJamzkBJ6muhAb30lIid+FcaWI="},"lastRemoteEphemeralKey":"BbsQN1JWmGM04PAbUcd8kmm+opub5XXlixdRLZOc1eYk","previousCounter":0,"rootKey":"vctzAHnIauLOlp7Qeo1CWA3GKFU/axhxkp4X+GTAgds="},"indexInfo":{"baseKey":"BcvtjWg09qgD6EYoKDMJLMG4nIUBdUhWgh55tFXAX5RM","baseKeyType":1,"closed":-1,"used":1715933877058,"created":1715933877058,"remoteIdentityKey":"BWXhcjGRGWnIaFdE/vHLieSS2PVStuBp48EgE3pdlTYv"},"_chains":{"BbQih9Vsqq7fII2ZPP5HPbZw4A2RgGBcfbPMhwflmwEB":{"chainKey":{"counter":0,"key":"6SZ9EKV9V4B541NN6t46G+k/7melv2auSZ59NjoDoOQ="},"chainType":1,"messageKeys":{}}},"pendingPreKey":{"signedKeyId":14,"baseKey":"BcvtjWg09qgD6EYoKDMJLMG4nIUBdUhWgh55tFXAX5RM","preKeyId":7352138}}},"version":"v1"}