{"_sessions":{"BUVi1mvGiXrInFutU6vnA1jJC36RGiQgnbKMjL/zMIx4":{"registrationId":463918711,"currentRatchet":{"ephemeralKeyPair":{"pubKey":"BQSXWyqMsCak60W2R1spdbrflgwAbbfxhZX03WFrc/1n","privKey":"mDePjBvycrjW95m2QKhM54ea/eeR/sAvd6NwbPeodEA="},"lastRemoteEphemeralKey":"BeBC6EI0Yf5kH5TXr/oRbCkRFYpM7HStscE4eXt74Dpl","previousCounter":0,"rootKey":"yh/6+T4BRv/r923eREqxRy5zWvw6PRhmbAXV6QyR7Sw="},"indexInfo":{"baseKey":"BUVi1mvGiXrInFutU6vnA1jJC36RGiQgnbKMjL/zMIx4","baseKeyType":1,"closed":-1,"used":1715933876963,"created":1715933876963,"remoteIdentityKey":"BbbJ8sYEpay31Sf+lDTOKvRvcznmFa/jQdEVL89JE0BG"},"_chains":{"BQSXWyqMsCak60W2R1spdbrflgwAbbfxhZX03WFrc/1n":{"chainKey":{"counter":0,"key":"t8xpVXEmFO1vDVLt58Qspji4LFEB2vEI/OaRd5xsXBM="},"chainType":1,"messageKeys":{}}},"pendingPreKey":{"signedKeyId":7,"baseKey":"BUVi1mvGiXrInFutU6vnA1jJC36RGiQgnbKMjL/zMIx4","preKeyId":9675593}}},"version":"v1"}