{"_sessions":{"BQ4bBZNtGo59UqlX+zHFLJLPt4MTSz68+qm8KGcIITxN":{"registrationId":713790673,"currentRatchet":{"ephemeralKeyPair":{"pubKey":"BaEZ7BvngTiXMA29N2lXrRiamRzkVCNlrz9VHyJqgwQS","privKey":"sAqNUQ+rWDUxZkb0iblKUqjMS5h+izLGtW1oOiWyvl8="},"lastRemoteEphemeralKey":"BZok8JD5CqQbGl1ygKaP8u1RL1Tazzls+PKNkRq9zHpv","previousCounter":0,"rootKey":"nqsbVkAza+wDnCrGlnE/6XeCeqrWbqG4XqrzOhKY5vE="},"indexInfo":{"baseKey":"BQ4bBZNtGo59UqlX+zHFLJLPt4MTSz68+qm8KGcIITxN","baseKeyType":1,"closed":-1,"used":1715933877199,"created":1715933877199,"remoteIdentityKey":"BfksIRRjFZodAeMqXe7878E5RJuV14V0hmZmz9cYcTUz"},"_chains":{"BaEZ7BvngTiXMA29N2lXrRiamRzkVCNlrz9VHyJqgwQS":{"chainKey":{"counter":0,"key":"XbZmDf0jra2qPyzNkIGk/PQ+rLBGRP0bE30SouiTCgg="},"chainType":1,"messageKeys":{}}},"pendingPreKey":{"signedKeyId":19,"baseKey":"BQ4bBZNtGo59UqlX+zHFLJLPt4MTSz68+qm8KGcIITxN","preKeyId":7865968}}},"version":"v1"}