{"_sessions":{"BRU38cz4AaAtmamF5pcy0iojAGxTzSN/PRPgjrC2XwZo":{"registrationId":6400,"currentRatchet":{"ephemeralKeyPair":{"pubKey":"BXvk2AOJYJnf5vcQSNaaoOrJgPFQBDQ9qBhbKXtKTYYl","privKey":"kFB2LPm81FOM2mlMe7njN7w5pjcLXdaXMsdAxltZrUQ="},"lastRemoteEphemeralKey":"BRh25NrBHoa/XIabGazd56pQW4HkZsd27tddePyev50w","previousCounter":0,"rootKey":"45BBmlNIEsDA/JAFWXTE7FKxhOQCcuIFbWa3szJJT8w="},"indexInfo":{"baseKey":"BRU38cz4AaAtmamF5pcy0iojAGxTzSN/PRPgjrC2XwZo","baseKeyType":1,"closed":-1,"used":1715933876911,"created":1715933876911,"remoteIdentityKey":"BV+BRzGXXS3O8A93wxdhRzOgEtXG1Xd7qPCdtSN2E2kh"},"_chains":{"BXvk2AOJYJnf5vcQSNaaoOrJgPFQBDQ9qBhbKXtKTYYl":{"chainKey":{"counter":0,"key":"cVpd65DSwoCmtFdcwDyJsM1CMIPgri7wxelLceYXiyQ="},"chainType":1,"messageKeys":{}}},"pendingPreKey":{"signedKeyId":5,"baseKey":"BRU38cz4AaAtmamF5pcy0iojAGxTzSN/PRPgjrC2XwZo","preKeyId":7806}}},"version":"v1"}