{"_sessions":{"BZYtwSGUMUYTnUe8g271rvYDgqYyCYgppFcQsuZVbAFv":{"registrationId":153,"currentRatchet":{"ephemeralKeyPair":{"pubKey":"Bex2L+tE0RE4SiGpmOsi0yrRzu9lnOUCCKpD4YstvcE+","privKey":"YDEAZZFEU4VDuJR4Vbj+IHDUB1pRMdXkbtZgB4TFyVU="},"lastRemoteEphemeralKey":"Bbh3rfmW4oj4h4Qsn1Wzya2MHS1xXMSdbIbEVgDQX1VD","previousCounter":0,"rootKey":"McgIup2M+Oo9nhitU+v14KCwYIjPFZzd+4I6eO9XeaA="},"indexInfo":{"baseKey":"BZYtwSGUMUYTnUe8g271rvYDgqYyCYgppFcQsuZVbAFv","baseKeyType":2,"closed":-1,"used":1715992074924,"created":1715992074924,"remoteIdentityKey":"BS6Hm1Flj4UybJGLLFqqNi1WH1gQcMcyTjoFvW1EXdFK"},"_chains":{"Bbh3rfmW4oj4h4Qsn1Wzya2MHS1xXMSdbIbEVgDQX1VD":{"chainKey":{"counter":0,"key":"uQWU9jmBYnD+7VLta/plahwptykkeNNTXQ7CM816RA8="},"chainType":2,"messageKeys":{}},"Bex2L+tE0RE4SiGpmOsi0yrRzu9lnOUCCKpD4YstvcE+":{"chainKey":{"counter":-1,"key":"nQlH7L+jCsUJLFYMimO7FCASg+8t10++URf0DCcS+3E="},"chainType":1,"messageKeys":{}}}}},"version":"v1"}