{"_sessions":{"BVIfQ832THrINvd9ypw/TWs/h4EeQ/62mtBLd0DeTMx9":{"registrationId":1151584067,"currentRatchet":{"ephemeralKeyPair":{"pubKey":"BWt/887YtbYuOoOjcG2vpwj2/Gr0b4/qif2g+b6gqUlw","privKey":"mPyw1tSbFKe09GQJ8tGWeMIVnPHJNVNVOZhEriThV14="},"lastRemoteEphemeralKey":"BWFUnHlFa86rMtrEpMvxFIhAGpKyK4wLxPrrS/k23NsG","previousCounter":0,"rootKey":"wt8ngS7t2nVq6qPOPb74SuSQDeX7GvL6fpy2NyTi6eE="},"indexInfo":{"baseKey":"BVIfQ832THrINvd9ypw/TWs/h4EeQ/62mtBLd0DeTMx9","baseKeyType":1,"closed":-1,"used":1715933876952,"created":1715933876952,"remoteIdentityKey":"BTcsEWikMA4plXplt/Eq2Fl7OKr09OjHtiTXzahW53tH"},"_chains":{"BWt/887YtbYuOoOjcG2vpwj2/Gr0b4/qif2g+b6gqUlw":{"chainKey":{"counter":0,"key":"i0CiAhchsIIow+hEXYREFMcuqjmqQntp3DIlt0OKo4s="},"chainType":1,"messageKeys":{}}},"pendingPreKey":{"signedKeyId":1,"baseKey":"BVIfQ832THrINvd9ypw/TWs/h4EeQ/62mtBLd0DeTMx9"}}},"version":"v1"}