{"_sessions":{"BdMJS8GXWhWytErpQvQzFK4bzpI9DAU8AuwiM74I5/1Q":{"registrationId":1918689757,"currentRatchet":{"ephemeralKeyPair":{"pubKey":"Beh3M6iFT2VPLUwN0gMGtsh5QOHpq93gl+Qm2z+BG3AW","privKey":"wGtW6fKd6GKppz5hmxMyDlbwWif2mOPkF5+G604j7Wc="},"lastRemoteEphemeralKey":"BUpqTr4MkIUP4E5kjVsUPd28wq7ZAXeZz7NB2j2VXNMl","previousCounter":0,"rootKey":"jR1sS1jOdP4fTE6yAfptm1tU6iIeSrv5SJUsSM9Rxg4="},"indexInfo":{"baseKey":"BdMJS8GXWhWytErpQvQzFK4bzpI9DAU8AuwiM74I5/1Q","baseKeyType":1,"closed":-1,"used":1715933877151,"created":1715933877151,"remoteIdentityKey":"BZQ7JsdtmMFvgEO9ySR4db1YHkY2Jk9+6QUsZFaekaVZ"},"_chains":{"Beh3M6iFT2VPLUwN0gMGtsh5QOHpq93gl+Qm2z+BG3AW":{"chainKey":{"counter":0,"key":"2mAbgOcIwQIHA97MVRb+G3JwZq543lkG6uptzk50q7g="},"chainType":1,"messageKeys":{}}},"pendingPreKey":{"signedKeyId":2,"baseKey":"BdMJS8GXWhWytErpQvQzFK4bzpI9DAU8AuwiM74I5/1Q","preKeyId":1637233}}},"version":"v1"}