{"_sessions":{"BeqPeqFu1iWDv89U7V/55bD+kU8n3DOX5QiCRpPVZ/9j":{"registrationId":1534317494,"currentRatchet":{"ephemeralKeyPair":{"pubKey":"BQw9luoynhGl2jij62gngjve0ZtXXnP41aM91iCwID1R","privKey":"eCD0X3RQLMcb5Jcdl/mQrYilJkm1K+OUS7CG/9BAMk4="},"lastRemoteEphemeralKey":"BaswVk8pPR+MhF6owIA3fNTYkpiXwYXIOpxw9E0eZPg8","previousCounter":0,"rootKey":"upSIn79RKMf4mAzQ/cPQapD219UYxdmJ0l01uzjJBJI="},"indexInfo":{"baseKey":"BeqPeqFu1iWDv89U7V/55bD+kU8n3DOX5QiCRpPVZ/9j","baseKeyType":2,"closed":-1,"used":1715992076034,"created":1715992076034,"remoteIdentityKey":"BWYriAuVYLFvMKZeLV1gjq6JBzUb5ftqGSauSSKhq6tt"},"_chains":{"BaswVk8pPR+MhF6owIA3fNTYkpiXwYXIOpxw9E0eZPg8":{"chainKey":{"counter":5,"key":"KuQyh+ZpYvUWoM1FJpZtTN1DPaIve+SRaQB0XLOnC0M="},"chainType":2,"messageKeys":{}},"BQw9luoynhGl2jij62gngjve0ZtXXnP41aM91iCwID1R":{"chainKey":{"counter":-1,"key":"/Y9Tz1xslgnmOA2Ug2Fq0iL6tyiKTczfsOJzzVKVrSI="},"chainType":1,"messageKeys":{}}}}},"version":"v1"}