{"_sessions":{"BW+IBxsJ1wlqlzcyNiEKiHLAChheGZUil3w11NyqZWcH":{"registrationId":10347,"currentRatchet":{"ephemeralKeyPair":{"pubKey":"BVadK2T4ZXGbE7j+6BUtq2VOuGqitdMq23vBKAE/RcMH","privKey":"CC3qFQdvy3fdsB9MYrl6fvYiXot0s48i8rkESsxyqG8="},"lastRemoteEphemeralKey":"BStq30Nv85j4SwfU1IbT3GKQyhkGUnjq1EZFXywfuXto","previousCounter":0,"rootKey":"urqsVnpXg07YTRVD/a3vYw9byRFdf4KpU5MoCYS5EYs="},"indexInfo":{"baseKey":"BW+IBxsJ1wlqlzcyNiEKiHLAChheGZUil3w11NyqZWcH","baseKeyType":1,"closed":-1,"used":1715933876901,"created":1715933876901,"remoteIdentityKey":"BZN6OXGPuUiruQ5/q0wkYWS428kyjvfCMuZ86ELUY7oA"},"_chains":{"BVadK2T4ZXGbE7j+6BUtq2VOuGqitdMq23vBKAE/RcMH":{"chainKey":{"counter":0,"key":"zSVYnQqITF5isE2b28SKTyP8Xf5wjFZIjROV/jgFLL4="},"chainType":1,"messageKeys":{}}},"pendingPreKey":{"signedKeyId":1,"baseKey":"BW+IBxsJ1wlqlzcyNiEKiHLAChheGZUil3w11NyqZWcH"}}},"version":"v1"}