{"_sessions":{"BWJREkGK8D7i9DXMRTfDAsG/k5Hg3+HmfE1Cjy25bjpd":{"registrationId":286690989,"currentRatchet":{"ephemeralKeyPair":{"pubKey":"BW1iCRfkDkrkkJDsdU0pB/NN1pxpaqsaU87BaW7AMSNQ","privKey":"yMbeMdyQ99zgOgCuVEIr3zC9pZjovPb6/m4DaPzKF1c="},"lastRemoteEphemeralKey":"BbMC0tf1vF8nlaz67L2flbicAm90QNKshLjpbKQHcOkd","previousCounter":0,"rootKey":"fO+5Qed92c+GyPxbH2a6iSvFc6sRL79sZEimmOd1bs4="},"indexInfo":{"baseKey":"BWJREkGK8D7i9DXMRTfDAsG/k5Hg3+HmfE1Cjy25bjpd","baseKeyType":1,"closed":-1,"used":1715933877012,"created":1715933877012,"remoteIdentityKey":"BTI0VVl2m1h8izmV9GImMm7wgstLYlKnhrcWZkxbg6I/"},"_chains":{"BW1iCRfkDkrkkJDsdU0pB/NN1pxpaqsaU87BaW7AMSNQ":{"chainKey":{"counter":0,"key":"xGmQ9yZ4/3RFnIZ9DzG83KFCOPSOJ1KIs6ODqgjQd48="},"chainType":1,"messageKeys":{}}},"pendingPreKey":{"signedKeyId":9,"baseKey":"BWJREkGK8D7i9DXMRTfDAsG/k5Hg3+HmfE1Cjy25bjpd"}}},"version":"v1"}