{"_sessions":{"BWp7UxNAlNKr303/NbyQe7M1cMRbQzAIrQshIwDsUAtV":{"registrationId":1494027069,"currentRatchet":{"ephemeralKeyPair":{"pubKey":"BVkdd1i9YzboNst0DS6j8orR6YTAGvgkX+2QsNhY5T93","privKey":"kB8+4fbmzyOeIKndvt9JYNe5YGDKOmG5TkNmSIMFH2Q="},"lastRemoteEphemeralKey":"BY4rvnuhsCHKTPd1hpUDQRnY7f9JYA2UNGpuq5Fmzsh9","previousCounter":0,"rootKey":"ZcGRitWsfEuV3bfSvk6N5U7cIdEk9tOH6ltHke4+Tuo="},"indexInfo":{"baseKey":"BWp7UxNAlNKr303/NbyQe7M1cMRbQzAIrQshIwDsUAtV","baseKeyType":2,"closed":1716128697018,"used":1715992090836,"created":1715933489030,"remoteIdentityKey":"BZb0x9wkZjjf5vlrlGcSkPmOhRDePRhJJR4PcL4lvPJI"},"_chains":{"BRGcME7nrTkaJhjvPxCdFTIRp6iGXiINKgLR+AmTeGok":{"chainKey":{"counter":11},"chainType":2,"messageKeys":{}},"BZYAwmN9QRpNGF27S2JgUZMSUHzOO8Zp9zP0rykn2Hlp":{"chainKey":{"counter":2},"chainType":2,"messageKeys":{}},"BY4rvnuhsCHKTPd1hpUDQRnY7f9JYA2UNGpuq5Fmzsh9":{"chainKey":{"counter":24,"key":"Hk+6bIAFqGEfguxo+XhxhW1UpM/lPN4pSsJkqtbwwT4="},"chainType":2,"messageKeys":{"0":"rdDex+xr050Xf8GdZTnd0bzRTeFqXrOgGY55r8vUgPM=","1":"M2gt4svHLDxXnWr9OiE39UGsOczgxRZSj3cXtORAGnM="}},"BVkdd1i9YzboNst0DS6j8orR6YTAGvgkX+2QsNhY5T93":{"chainKey":{"counter":72,"key":"zXc7WPaM1nFlSoDiWy8LKqSROgNCd18OtQ3PBlDkNs4="},"chainType":1,"messageKeys":{}}}},"BSq3Cl3i18KblNn4UjU7E8kReg+XgselDMvqOhrqlSUf":{"registrationId":1494027069,"currentRatchet":{"ephemeralKeyPair":{"pubKey":"BRZ/EoIoAzbdIvCZBlu+yRQXxfKa++qO2rOpz36f90o+","privKey":"QJtlvMlL+6EIlVH1lASz0xtIKQ8p/3zJQK7QltkIbHM="},"lastRemoteEphemeralKey":"BfsV2hTGr5WBCH/v2CtWM118JxwsD175wXhJBeraPSEW","previousCounter":0,"rootKey":"cqciEPLnAVUyfSuISwAIZv38wOsw6ZAHg/ER8rJ+U5k="},"indexInfo":{"baseKey":"BSq3Cl3i18KblNn4UjU7E8kReg+XgselDMvqOhrqlSUf","baseKeyType":2,"closed":-1,"used":1716128697032,"created":1716128697032,"remoteIdentityKey":"BZb0x9wkZjjf5vlrlGcSkPmOhRDePRhJJR4PcL4lvPJI"},"_chains":{"BfsV2hTGr5WBCH/v2CtWM118JxwsD175wXhJBeraPSEW":{"chainKey":{"counter":7,"key":"RTxgdJCBFfheW/jWujlTCC6f1f08QdVr3o707nSdiyM="},"chainType":2,"messageKeys":{}},"BRZ/EoIoAzbdIvCZBlu+yRQXxfKa++qO2rOpz36f90o+":{"chainKey":{"counter":52,"key":"vhlEK+abxaTV0PJa9hssPHlYFLK7azw9F2vr0rFAQwI="},"chainType":1,"messageKeys":{}}}}},"version":"v1"}