{"_sessions":{"BfJDUo1/1Sb/zv4edq+Fws2Mmfr3aELxb3WXHfwhMQdV":{"registrationId":1088757160,"currentRatchet":{"ephemeralKeyPair":{"pubKey":"BfvWr+spjO7uygKEmYHXdyE5TL89aMesl+oHpbVcInMJ","privKey":"QKCYzekP3d3sq4Ef3d282Wlst42vxQdKpgVHZSi1ElA="},"lastRemoteEphemeralKey":"BW4baZy03ammKUf2B619iljbRflgzeBwVeqiws4xcnpn","previousCounter":0,"rootKey":"6HFm5N4B+MhNErD0PMUtoUYu5jVH0dYydbV1Onlb8uo="},"indexInfo":{"baseKey":"BfJDUo1/1Sb/zv4edq+Fws2Mmfr3aELxb3WXHfwhMQdV","baseKeyType":2,"closed":-1,"used":1715992075710,"created":1715992075710,"remoteIdentityKey":"BRcVxcRR4NUR7ajHxcNUyS9tbr1IKo6mraMBeWCWSDod"},"_chains":{"BW4baZy03ammKUf2B619iljbRflgzeBwVeqiws4xcnpn":{"chainKey":{"counter":5,"key":"wb+6EuyMFjG8MF8b0RLLJ5X5wvWfRgV8Q8ghxwL1REc="},"chainType":2,"messageKeys":{}},"BfvWr+spjO7uygKEmYHXdyE5TL89aMesl+oHpbVcInMJ":{"chainKey":{"counter":-1,"key":"5VN7LzyhLD/fFDERKM71r0u4MLgtrfq2URCbrEmssTE="},"chainType":1,"messageKeys":{}}}}},"version":"v1"}