{"_sessions":{"BaAgY9Vj1Dv4HBK/AgBreh2uotbArWuRCw8c9+rWLRsk":{"registrationId":279,"currentRatchet":{"ephemeralKeyPair":{"pubKey":"BUf/I0F1T7zCXUJsi5sq8/tiGPQ3gRaemKZjxMC9dsF1","privKey":"4PrAooN9hCaq+BJLjdKdPkkxbKvHGaK85t7qtNOOjWk="},"lastRemoteEphemeralKey":"BSq/+wngLNb47G3ksNXulXiki4HV6wmnr7CQNQ5K8rRV","previousCounter":0,"rootKey":"LJ8BsDUT4XRSwnU0EFcwLTCs42D9ypeUUV4tpyw/KPg="},"indexInfo":{"baseKey":"BaAgY9Vj1Dv4HBK/AgBreh2uotbArWuRCw8c9+rWLRsk","baseKeyType":1,"closed":-1,"used":1715933876893,"created":1715933876893,"remoteIdentityKey":"BVKX7QN9KkFmpLcBj6rYmAkaOTMMye3uygebeEASr/Rz"},"_chains":{"BUf/I0F1T7zCXUJsi5sq8/tiGPQ3gRaemKZjxMC9dsF1":{"chainKey":{"counter":106,"key":"ozPVnT7WY/iw1rhpIL2Y+P4CeL+EWXuXOn9rwbxxrig="},"chainType":1,"messageKeys":{}}},"pendingPreKey":{"signedKeyId":1,"baseKey":"BaAgY9Vj1Dv4HBK/AgBreh2uotbArWuRCw8c9+rWLRsk","preKeyId":511}}},"version":"v1"}