{"_sessions":{"BVAVeiviSQRwt1ztyUkXZwGg+1uOixurPtSJy37SCcEQ":{"registrationId":95389608,"currentRatchet":{"ephemeralKeyPair":{"pubKey":"BUY3honf8AbX2z83txrj2EI1XA3HuOiv3UK6S8qntOtQ","privKey":"YEF9kRSvdaNnKkh5yI5fcJ1Lh/bUPkocUm06ejSH/lE="},"lastRemoteEphemeralKey":"BZzP7iWdjZfGsgGqjiOV0j27JeXf7uRa7w58afvFkxUC","previousCounter":0,"rootKey":"iKscw2rF36cR3bgswNxx3teNcTpVGIO/2XsjCbkYkls="},"indexInfo":{"baseKey":"BVAVeiviSQRwt1ztyUkXZwGg+1uOixurPtSJy37SCcEQ","baseKeyType":1,"closed":1716198334365,"used":1716038416668,"created":1715933877113,"remoteIdentityKey":"BXbWfII+wBDg9FTftR0Oezkbi0N7wOHXMOr2LxMtIeRn"},"_chains":{"BZzP7iWdjZfGsgGqjiOV0j27JeXf7uRa7w58afvFkxUC":{"chainKey":{"counter":1,"key":"O6udVIxCrif5m8KGMkL6M4+H0MQJbSoMzvakpUH1CTM="},"chainType":2,"messageKeys":{}},"BUY3honf8AbX2z83txrj2EI1XA3HuOiv3UK6S8qntOtQ":{"chainKey":{"counter":-1,"key":"bAtueSiQc/t0d13zkU+otsaCnyoDP7eV23nnlthpvWU="},"chainType":1,"messageKeys":{}}}},"BYLKUckFLmzhVoz+B+ylF7oQ1078IsfVMFmmKW2OI702":{"registrationId":95389608,"currentRatchet":{"ephemeralKeyPair":{"pubKey":"BdgsWGyRg18A+3hNEUjLoc9gbk1B6/d6MsPVfXWYP9h1","privKey":"aCdfwIVMLzhR3HwLUQVTP6LDFmcF6e3WGs66xLYb+mU="},"lastRemoteEphemeralKey":"BT+lag9EKeudyZX6Qid4hmpymuB0+nOypbHLQNse13cD","previousCounter":0,"rootKey":"gHVtOhJJb/FN1ELWX2SL/SL+YTaN6ta0I4wAA1RPVtA="},"indexInfo":{"baseKey":"BYLKUckFLmzhVoz+B+ylF7oQ1078IsfVMFmmKW2OI702","baseKeyType":2,"closed":-1,"used":1716198334378,"created":1716198334378,"remoteIdentityKey":"BXbWfII+wBDg9FTftR0Oezkbi0N7wOHXMOr2LxMtIeRn"},"_chains":{"BT+lag9EKeudyZX6Qid4hmpymuB0+nOypbHLQNse13cD":{"chainKey":{"counter":4,"key":"rVssGmYSrfV7kl04F1d6h2Vg1NLmDQq6G3KCHimyi1c="},"chainType":2,"messageKeys":{}},"BdgsWGyRg18A+3hNEUjLoc9gbk1B6/d6MsPVfXWYP9h1":{"chainKey":{"counter":0,"key":"lxbAD6tnSP2bZefT90l1qCMGNKju44nouDA8vCq0saM="},"chainType":1,"messageKeys":{}}}}},"version":"v1"}