{"_sessions":{"BT2qvoCxcDXoupJPN2cfWHxBMGHni2aYZ6aAdLWlRL0A":{"registrationId":1113665188,"currentRatchet":{"ephemeralKeyPair":{"pubKey":"BbDbIlUDNFfHZVzKJ5uPWPTwVjpIT4Ch43oyoMc2KaAG","privKey":"AFP8V8WKAhn6BCna27jdIbBMjx73Yscz/Qhgtqi0Cnw="},"lastRemoteEphemeralKey":"BR1Cy+HibpVQGM+40GvDoHyGKH/Zt9dWgmL4EZhrIyd6","previousCounter":0,"rootKey":"fUyK9PvQi73KszAnNt1B/efQnCpk8XF/Z4JmWVN9Eec="},"indexInfo":{"baseKey":"BT2qvoCxcDXoupJPN2cfWHxBMGHni2aYZ6aAdLWlRL0A","baseKeyType":1,"closed":-1,"used":1715933877232,"created":1715933877232,"remoteIdentityKey":"BWZ9pTj5H070V4lkRDxsjBnDeiIDW4yCqTXPvGSYNewU"},"_chains":{"BbDbIlUDNFfHZVzKJ5uPWPTwVjpIT4Ch43oyoMc2KaAG":{"chainKey":{"counter":0,"key":"yGH/pP9KdXRm/fhj0ID0BCNp9yCcnvz9uOFrLj7y9x4="},"chainType":1,"messageKeys":{}}},"pendingPreKey":{"signedKeyId":10,"baseKey":"BT2qvoCxcDXoupJPN2cfWHxBMGHni2aYZ6aAdLWlRL0A","preKeyId":15015099}}},"version":"v1"}