{"_sessions":{"BY9IWRqtXPSDPE93nIm5LLaHSoVzBF7Ckcds8lKDvUlW":{"registrationId":1946691833,"currentRatchet":{"ephemeralKeyPair":{"pubKey":"BW6ww7IG5EfaLt99zCplzlLfOgBqRj11cghFGB69MwVO","privKey":"KCp0qfIgkx0rpgBqdknAGMkVquisJOCqkI65MdBMtX4="},"lastRemoteEphemeralKey":"Be7bMtmLtCUJPnOLdbPlhUXQWB15X/hGStB3BwRlyU8Z","previousCounter":0,"rootKey":"IZPbMhgKnErbAhlsto3tsPqsrSUnXZ5dIWh47K7Z8BE="},"indexInfo":{"baseKey":"BY9IWRqtXPSDPE93nIm5LLaHSoVzBF7Ckcds8lKDvUlW","baseKeyType":1,"closed":-1,"used":1715933877221,"created":1715933877221,"remoteIdentityKey":"BdGal0010IQvZ+ygfvFZbesIhjIcFFs9nAFNvBmSmgtX"},"_chains":{"BW6ww7IG5EfaLt99zCplzlLfOgBqRj11cghFGB69MwVO":{"chainKey":{"counter":0,"key":"2hNiuTLftmXSeyKdSkZ6bcBZy/Hqc30YiHOV9Xgw4Lk="},"chainType":1,"messageKeys":{}}},"pendingPreKey":{"signedKeyId":3,"baseKey":"BY9IWRqtXPSDPE93nIm5LLaHSoVzBF7Ckcds8lKDvUlW","preKeyId":12258593}}},"version":"v1"}