{"_sessions":{"BaATlTJQiiPx1uYymySwkW/DU1gc5l8jpzzXqAsktttS":{"registrationId":91078457,"currentRatchet":{"ephemeralKeyPair":{"pubKey":"BT8pinn47o3Bm9qPoVGCJkIPp9DYmOJ5dhXdP+CGU9Mp","privKey":"SKO7iFUBbXbroyJFuOBScPSa+lF9t+Qf06lp068D+Uo="},"lastRemoteEphemeralKey":"BSvosONP3OS0a7dJ9rk20++1V3J5f2O3A+MkammlVRVI","previousCounter":0,"rootKey":"hvtf9fVxI+HkRugiqP+QQYqVjzVbvTXpzjlsbeYY5ls="},"indexInfo":{"baseKey":"BaATlTJQiiPx1uYymySwkW/DU1gc5l8jpzzXqAsktttS","baseKeyType":2,"closed":-1,"used":1715992087080,"created":1715992087080,"remoteIdentityKey":"BR9xV19hNJYxICggUCBzCm0OB4rt8fXobyA19Ie8gMZj"},"_chains":{"BSvosONP3OS0a7dJ9rk20++1V3J5f2O3A+MkammlVRVI":{"chainKey":{"counter":1,"key":"R9Cw54j67FJiY/X/4Ohe9HdbLLszPtDLoFLQ7yQ1ym0="},"chainType":2,"messageKeys":{}},"BT8pinn47o3Bm9qPoVGCJkIPp9DYmOJ5dhXdP+CGU9Mp":{"chainKey":{"counter":-1,"key":"qkMzCg6oHvp5zABnsynLr8ywz5B+mUr1s+KLXGM4Qnc="},"chainType":1,"messageKeys":{}}}}},"version":"v1"}