{"_sessions":{"Bf7B2wEJ2YXz7ir6O7nFwIQW+mbECwW4pnfM6XWpndZu":{"registrationId":1037820981,"currentRatchet":{"ephemeralKeyPair":{"pubKey":"BW/rKtPWPUOMkf7r5CyKVo599XXZAebmdy8JzwXcqtkW","privKey":"WK1cwF3swQG8Bk2m+vmpSzOiAYB9A7fEvNQ+q9bhjUI="},"lastRemoteEphemeralKey":"BbMJVUT9fLHYxarCszW/Ti3VOTD5TtQoyqUqabMNTR1F","previousCounter":0,"rootKey":"OFrESI1jN69FEO9CSP00XeQ6ltOy4zZUkplk1+mTvvs="},"indexInfo":{"baseKey":"Bf7B2wEJ2YXz7ir6O7nFwIQW+mbECwW4pnfM6XWpndZu","baseKeyType":1,"closed":-1,"used":1715933876931,"created":1715933876931,"remoteIdentityKey":"BQQ+621Hg2ytOk85N1d36/6gwh7QBLjqX2hb/z2IKDIE"},"_chains":{"BW/rKtPWPUOMkf7r5CyKVo599XXZAebmdy8JzwXcqtkW":{"chainKey":{"counter":0,"key":"uc0DyVOFajeBjPTteDRx2YvOkDrXxqQB47tk1NRPzDE="},"chainType":1,"messageKeys":{}}},"pendingPreKey":{"signedKeyId":0,"baseKey":"Bf7B2wEJ2YXz7ir6O7nFwIQW+mbECwW4pnfM6XWpndZu","preKeyId":1914335}}},"version":"v1"}