{"_sessions":{"BXtoZGNeJQPjiPcCFwyuaAOtZzDLp/e3mX1cEhaFVWZo":{"registrationId":657010851,"currentRatchet":{"ephemeralKeyPair":{"pubKey":"BcfvrsDU6jMdqjfxAXZoFkOGaS9+nn20YckpxfjqcclN","privKey":"aLZa/vTNXdihViPJZrv9LKLHD6sRMh6tW69Gufn6cWs="},"lastRemoteEphemeralKey":"BT35CKjliWXCXv01IqVRl1C7RV+mndnsFRQdrHKsvgNo","previousCounter":0,"rootKey":"QtH24jx/58oXhZZMxBqS2WakX4719XdZRlEgvgUv454="},"indexInfo":{"baseKey":"BXtoZGNeJQPjiPcCFwyuaAOtZzDLp/e3mX1cEhaFVWZo","baseKeyType":1,"closed":-1,"used":1715933877210,"created":1715933877210,"remoteIdentityKey":"BdGErhR3lwD4mqZ1gxP9vGQng6zDW6xaSYi37XuFpMIC"},"_chains":{"BcfvrsDU6jMdqjfxAXZoFkOGaS9+nn20YckpxfjqcclN":{"chainKey":{"counter":0,"key":"2BSeVXtqPjkdHRLTnF+GJyWrC3jspjrPZxXtlKLSaWg="},"chainType":1,"messageKeys":{}}},"pendingPreKey":{"signedKeyId":24,"baseKey":"BXtoZGNeJQPjiPcCFwyuaAOtZzDLp/e3mX1cEhaFVWZo","preKeyId":2039718}}},"version":"v1"}