{"_sessions":{"BbkrKntEIHSbotFvHe5Q9idV6NsXU/2/zHb0ZqL6WHds":{"registrationId":6791,"currentRatchet":{"ephemeralKeyPair":{"pubKey":"Ba3meoJb7Mhn/OIbnSd2mS3NDzjTQ8tvr2gpkUHMieVD","privKey":"cHzo59hYfRGaXxj5WfuMVfY4GRxbmKWWtiPQBCmxcmk="},"lastRemoteEphemeralKey":"BfCBjnuyx8B/xTD3+i6Wb1Z/U3KaEYhTzVuhRahJkwET","previousCounter":0,"rootKey":"3UPVDno9cahwJglzfnaw8ynNSYHD8cuM+oO9nx4Gys4="},"indexInfo":{"baseKey":"BbkrKntEIHSbotFvHe5Q9idV6NsXU/2/zHb0ZqL6WHds","baseKeyType":1,"closed":-1,"used":1715933876873,"created":1715933876873,"remoteIdentityKey":"Bcx3JE42RdhK5Te+2JczYFZ+G9WN/qyihjrIze625TMr"},"_chains":{"Ba3meoJb7Mhn/OIbnSd2mS3NDzjTQ8tvr2gpkUHMieVD":{"chainKey":{"counter":0,"key":"xChuYRP4Aix6TFFf5BHCdGZ5I3gHaRzDPYmCVtJ10dY="},"chainType":1,"messageKeys":{}}},"pendingPreKey":{"signedKeyId":1,"baseKey":"BbkrKntEIHSbotFvHe5Q9idV6NsXU/2/zHb0ZqL6WHds"}}},"version":"v1"}