{"_sessions":{"Bf6T/kEh2QNxZKGbPsK3IDhsk0i5+3g5TmsooQPbc4pS":{"registrationId":177982766,"currentRatchet":{"ephemeralKeyPair":{"pubKey":"BZr2zDgwG/x7EEyyewPKDqVnKrj3kJ6traYSPMjYpyhh","privKey":"aP/eamD3N7PJ+AacL29nyHQVEAV23ssN818HKiahrHk="},"lastRemoteEphemeralKey":"Ba1JDvRrkbObz49GDCHzi/XEGNkbgnSzlY7SscdRLEhX","previousCounter":0,"rootKey":"2xMHnRwRLUlN9dJo2Dd2FyCsZMuliaq+Cerlj6h4lV4="},"indexInfo":{"baseKey":"Bf6T/kEh2QNxZKGbPsK3IDhsk0i5+3g5TmsooQPbc4pS","baseKeyType":1,"closed":-1,"used":1715933877133,"created":1715933877133,"remoteIdentityKey":"Bey+DnKBwYRwrdcxXtL22cRwPkeCy1gTonoinibUBHx7"},"_chains":{"BZr2zDgwG/x7EEyyewPKDqVnKrj3kJ6traYSPMjYpyhh":{"chainKey":{"counter":0,"key":"2IfONP6F1qkAmcV+g7z+F8ecNBJNSHazQ/97sbx46+k="},"chainType":1,"messageKeys":{}}},"pendingPreKey":{"signedKeyId":2,"baseKey":"Bf6T/kEh2QNxZKGbPsK3IDhsk0i5+3g5TmsooQPbc4pS","preKeyId":13516674}}},"version":"v1"}