{"_sessions":{"BeIM6U5Rwyzy9TBM9hoHn5WkgtSxKZzLB/xe2Yswbw5M":{"registrationId":1969171876,"currentRatchet":{"ephemeralKeyPair":{"pubKey":"Bf3Ph1ea2jmojMdLmSkRsPzQTWCGldAesOMKd/hSXCcS","privKey":"WP1G4uUp8j49n7elGigYrzcUQ2Wb/sVvrQn3x9M3v3A="},"lastRemoteEphemeralKey":"BdkL/DQZx/kDR8muNPDvNIvy/8ZC4c8pgWDjfS12+8Yi","previousCounter":0,"rootKey":"ZpzqfWRnheGZQnRZCH9UDlB5CFHA8gnJg8cciu+n83s="},"indexInfo":{"baseKey":"BeIM6U5Rwyzy9TBM9hoHn5WkgtSxKZzLB/xe2Yswbw5M","baseKeyType":1,"closed":-1,"used":1715933877243,"created":1715933877243,"remoteIdentityKey":"BZjtbp0d7Vt5JGELrOcZonyjttmia5UjWumeX1sqcFcg"},"_chains":{"Bf3Ph1ea2jmojMdLmSkRsPzQTWCGldAesOMKd/hSXCcS":{"chainKey":{"counter":0,"key":"tZPwOM0D7P9IZF7ZxDOZzzaHER1HojzlsbZy/UGmhVU="},"chainType":1,"messageKeys":{}}},"pendingPreKey":{"signedKeyId":2,"baseKey":"BeIM6U5Rwyzy9TBM9hoHn5WkgtSxKZzLB/xe2Yswbw5M","preKeyId":7819480}}},"version":"v1"}