{"_sessions":{"BWlMjWDI0ucU5XXWsERoC8ZNxKVeCSNZn7X3CW0J7OF2":{"registrationId":1342539080,"currentRatchet":{"ephemeralKeyPair":{"pubKey":"BeK9nRJy64NHFfWO4ydVymth5GSFtT32DZuiesrYo3Fb","privKey":"wDLPN5IwuJf6FF/Ly7iSM1jncavZHN3/Ml7RbDqjkUY="},"lastRemoteEphemeralKey":"BZluYGWpKs/qdcIbS9ZdYjJcdAlNcE9OBnmROJZ507UF","previousCounter":0,"rootKey":"YN5YvQxW3ReBNjKuVzDDonKQqTkHD3dFrh7qTPAT+4k="},"indexInfo":{"baseKey":"BWlMjWDI0ucU5XXWsERoC8ZNxKVeCSNZn7X3CW0J7OF2","baseKeyType":1,"closed":-1,"used":1715933876985,"created":1715933876985,"remoteIdentityKey":"BYLdacR5/oKEFWd9PGh2BY7FgPP6smEXKRCRZOutss8T"},"_chains":{"BeK9nRJy64NHFfWO4ydVymth5GSFtT32DZuiesrYo3Fb":{"chainKey":{"counter":0,"key":"I3TssWGh8Rqe0WTJez/Uzpw7nn8RbCSsgtDlrNHPSz8="},"chainType":1,"messageKeys":{}}},"pendingPreKey":{"signedKeyId":22,"baseKey":"BWlMjWDI0ucU5XXWsERoC8ZNxKVeCSNZn7X3CW0J7OF2","preKeyId":968928}}},"version":"v1"}