{"_sessions":{"BT2OahLKiR9nvC2qcNlkqIlZXrYYssS8G4dZyrDnF+JQ":{"registrationId":89275643,"currentRatchet":{"ephemeralKeyPair":{"pubKey":"Bcy+QHuNf4Y4savkCEUxBxm9s0C8MI/Rgar9vJE6vUsD","privKey":"WCTCeKWOYm/qtlIU820dSnSQSt5kl1NkV020kRcKYFw="},"lastRemoteEphemeralKey":"BexnQcPMTDeF4zzLiKbOM1cdmo9WP9lknR8zsXDwrqx7","previousCounter":0,"rootKey":"KgXFD/jmnID7Z/Vpl44Q87r0vP0fwnsoTWPaVi1LOU4="},"indexInfo":{"baseKey":"BT2OahLKiR9nvC2qcNlkqIlZXrYYssS8G4dZyrDnF+JQ","baseKeyType":1,"closed":-1,"used":1715933876975,"created":1715933876975,"remoteIdentityKey":"BbgQsWlZdjCwkVhir6qWX5lA9og67QtdiV9zoOpeBe1z"},"_chains":{"Bcy+QHuNf4Y4savkCEUxBxm9s0C8MI/Rgar9vJE6vUsD":{"chainKey":{"counter":0,"key":"DvG3oWG5l4mecHPOBwlW3g8/EIBvH2PDR3vjG94/G5k="},"chainType":1,"messageKeys":{}}},"pendingPreKey":{"signedKeyId":48,"baseKey":"BT2OahLKiR9nvC2qcNlkqIlZXrYYssS8G4dZyrDnF+JQ","preKeyId":1581499}}},"version":"v1"}