{"_sessions":{"BZ6ExpFKynTFPQh1tHLY3bYIm5SjZnz/KVxfMiITagsG":{"registrationId":1454401534,"currentRatchet":{"ephemeralKeyPair":{"pubKey":"BUljD5R3qztYiQJkDRfp2vfyyudG/hFstuNWvP+7RtE3","privKey":"YMPNv2gNMousarkQev7sajcl1y1VUJrN2EhAutZ2YGw="},"lastRemoteEphemeralKey":"BaqYuREWz+gUvRNxtl7bb53X+WhHaRoth9/IqWExgBFA","previousCounter":0,"rootKey":"i1/1g5XpnjYGbqA/pEdLrgpb1or1+FIJVBgPZOg2fV4="},"indexInfo":{"baseKey":"BZ6ExpFKynTFPQh1tHLY3bYIm5SjZnz/KVxfMiITagsG","baseKeyType":1,"closed":-1,"used":1715933877004,"created":1715933877004,"remoteIdentityKey":"BWS2qGv0afcaD1Q725AEaFE/XmMLa3yK13+2W8/ea4Ey"},"_chains":{"BUljD5R3qztYiQJkDRfp2vfyyudG/hFstuNWvP+7RtE3":{"chainKey":{"counter":0,"key":"C/jbQxdzRkL6ZHIIKh5brrEEGIVqobTF3wlNCUVsPyA="},"chainType":1,"messageKeys":{}}},"pendingPreKey":{"signedKeyId":1,"baseKey":"BZ6ExpFKynTFPQh1tHLY3bYIm5SjZnz/KVxfMiITagsG","preKeyId":13213420}}},"version":"v1"}