{"_sessions":{"BazKyIndlVRGMhvgl9l17jhoHxLtrK0X0JcwspcuvuEA":{"registrationId":1063397533,"currentRatchet":{"ephemeralKeyPair":{"pubKey":"Bc2vU5yKouun5j5h0HTxXR/Fz6ooWeyRVQwIc4EXujkh","privKey":"COM3BFY9tAR3q1M8MXT2Jt2O/LVdiNLMZYoUWtwiMHA="},"lastRemoteEphemeralKey":"Baz+tyS5sr67hZpgwUpIShkIuncdxqNclDrWFpMw6fUv","previousCounter":0,"rootKey":"Hal5HeZfWtlyxwXf7kcylcRXIlADVOdE9e+WTtBsLYY="},"indexInfo":{"baseKey":"BazKyIndlVRGMhvgl9l17jhoHxLtrK0X0JcwspcuvuEA","baseKeyType":1,"closed":-1,"used":1715933876942,"created":1715933876942,"remoteIdentityKey":"BYmH8xB0+Ar7UjGn3O03nVDQRT+t0CNexyBtpftASiBp"},"_chains":{"Bc2vU5yKouun5j5h0HTxXR/Fz6ooWeyRVQwIc4EXujkh":{"chainKey":{"counter":0,"key":"Ye5rYHzH0B/lRu82pr1fFAWjKaxV/EtCew2yMsJXBSU="},"chainType":1,"messageKeys":{}}},"pendingPreKey":{"signedKeyId":2,"baseKey":"BazKyIndlVRGMhvgl9l17jhoHxLtrK0X0JcwspcuvuEA","preKeyId":14235623}}},"version":"v1"}