{"_sessions":{"BXpmQ1MzwB/2GudlM3zN1tQkf+FXj28QjkAQ7Y9J1fBG":{"registrationId":1276305982,"currentRatchet":{"ephemeralKeyPair":{"pubKey":"BbpYD2tbzg4HSYDb69pkxu+YgjGGB7Kdb6mdN6XSR1sL","privKey":"kKpZ8Pv2aKGN4v30Il0IVioC02DQzyopG5M+yCBStUw="},"lastRemoteEphemeralKey":"BbcUoGH2gX0p6xAYgni7R4/vdFUfayFI3AyuZw1CznRM","previousCounter":0,"rootKey":"U5JgrWyoOBwzLf/BV8gnWq/J1VNDsq3GkZFcHjyGXJk="},"indexInfo":{"baseKey":"BXpmQ1MzwB/2GudlM3zN1tQkf+FXj28QjkAQ7Y9J1fBG","baseKeyType":2,"closed":-1,"used":1715992075624,"created":1715992075624,"remoteIdentityKey":"BQNqRZ1vPCUvGgGGbIoi8D4W9HJXLGWf7N4E5NrLq1dP"},"_chains":{"BbcUoGH2gX0p6xAYgni7R4/vdFUfayFI3AyuZw1CznRM":{"chainKey":{"counter":10,"key":"W4zzdvekDXuLmpBtlRhmQhO+Ra9a27neGlUO5QclGSc="},"chainType":2,"messageKeys":{}},"BbpYD2tbzg4HSYDb69pkxu+YgjGGB7Kdb6mdN6XSR1sL":{"chainKey":{"counter":-1,"key":"OfRR83CeoQwTuHU4HLJObpWXbqQgD6h2+sC63e941TE="},"chainType":1,"messageKeys":{}}}}},"version":"v1"}