{"_sessions":{"BbtRDSKTJRevhtvIg8zFuj7pyzTCcdJRig7tFpGeZN9V":{"registrationId":340523074,"currentRatchet":{"ephemeralKeyPair":{"pubKey":"BXWerH4+gQzcZWpbqS2e1noj0Q4ci5QlGyQC4Eh6hlc7","privKey":"iJW2wttGArmy/9DlBBax3tpKg+M2zDx3o+gGeBYxzEA="},"lastRemoteEphemeralKey":"BR2OvTdzhS1fq9jV1QqLjJsOYm7xf2R/oI7cHK15EdFk","previousCounter":0,"rootKey":"iUHPgjs1EujcGN/RPXOcwdV4kc+56pRbvPGU70KfTtM="},"indexInfo":{"baseKey":"BbtRDSKTJRevhtvIg8zFuj7pyzTCcdJRig7tFpGeZN9V","baseKeyType":1,"closed":-1,"used":1715933877049,"created":1715933877049,"remoteIdentityKey":"BVKfmxIqzRdmFN5GRQfx8zLG/0sUo23eZU0UXIaovnhj"},"_chains":{"BXWerH4+gQzcZWpbqS2e1noj0Q4ci5QlGyQC4Eh6hlc7":{"chainKey":{"counter":0,"key":"YzkK73VXHHfHVATOE05tUy9TejJ/TYn6gnTPhXyunJ0="},"chainType":1,"messageKeys":{}}},"pendingPreKey":{"signedKeyId":13,"baseKey":"BbtRDSKTJRevhtvIg8zFuj7pyzTCcdJRig7tFpGeZN9V","preKeyId":4742651}}},"version":"v1"}