{"_sessions":{"BaTdna+Y/ueBS2WDU3TPLe+FIqUeWWKlNMYMGknRblkJ":{"registrationId":1143034129,"currentRatchet":{"ephemeralKeyPair":{"pubKey":"Bdn6iDkqGs2lW3uoYQm5TNS/YPv3KQ48q2JjI+6B7OM3","privKey":"gJhgHnc6VfR8yVZlLUDQug3qdrX5Jv244W6FkzoE+Fg="},"lastRemoteEphemeralKey":"BbaTBObinFXDoSvkz/enl4aNxyDB9QPq8Wws35LRwKYz","previousCounter":0,"rootKey":"OwSQbUEFc5d+98YmoiDDEK6XH+PwDgwx/lhUE1fBLxY="},"indexInfo":{"baseKey":"BaTdna+Y/ueBS2WDU3TPLe+FIqUeWWKlNMYMGknRblkJ","baseKeyType":2,"closed":1716128788374,"used":1716127856152,"created":1715933866389,"remoteIdentityKey":"Baa3Bq6ceZrg/WtaAv1fbDmYtABB4oJwRg8DDk23/M0D"},"_chains":{"BR4ZEFIAlize2fHbogre9p2Q/WM/SpFyiHSyreY0n3s9":{"chainKey":{"counter":0},"chainType":2,"messageKeys":{}},"BQIN5Xht0vDrWNDX5X/YoGpBM4wO1kjdCLVaxZvlCFl0":{"chainKey":{"counter":0},"chainType":2,"messageKeys":{}},"BfirMqPH+fVSMp85QY/sEcKh0SKwx3ylfmF5qNvNX7BS":{"chainKey":{"counter":0},"chainType":2,"messageKeys":{}},"BczVgoF4CzMdSsY2r/v0NvtEYILqpOUS/ESE2nKBHB0M":{"chainKey":{"counter":0},"chainType":2,"messageKeys":{}},"Bcgi/dqSRNFaLq5UZbydd2G31gidMfb3KFDFSwaj37hW":{"chainKey":{"counter":0},"chainType":2,"messageKeys":{}},"BQHo23sd67NuzfCOky9bIfcn+CTFRociEcM3BXdpgrIU":{"chainKey":{"counter":0},"chainType":2,"messageKeys":{}},"BaVLeCvGlZr8x2DGFritYsvjm88Trc3RFzMCTOPXOWMi":{"chainKey":{"counter":1},"chainType":2,"messageKeys":{}},"BbZ0iDdClVIkXLKgRMUTv453b8zPjGfbLKXtQF5PbGxO":{"chainKey":{"counter":1},"chainType":2,"messageKeys":{}},"BU/7yJv/zEKu1O7VN5WNCi2+OUQhrAiznqI6SoxmIY53":{"chainKey":{"counter":0},"chainType":2,"messageKeys":{}},"BXXdRbFbkPNfDK8aoJL7/Nk/LgVcJEq7sNQHaIxpzOZl":{"chainKey":{"counter":2},"chainType":2,"messageKeys":{}},"BVnIMP0I/lTQEwvrdF6TWnMEj3icD0qXHfoK89epDNpg":{"chainKey":{"counter":0},"chainType":2,"messageKeys":{}},"Bfx+z7gqyOvPNphcf7m1SzLwm+b6TbL1r0Hr2lT4OtMH":{"chainKey":{"counter":0},"chainType":2,"messageKeys":{}},"BRYzBV+C2dJUIuGQpMY0nrUtRQy/1fKf20ETyVHgrVEm":{"chainKey":{"counter":4},"chainType":2,"messageKeys":{}},"BZ4paGajgwuzPb1YUM4ph7RbK7ZmZYiItiMhrxHWM2lM":{"chainKey":{"counter":0},"chainType":2,"messageKeys":{}},"BX+yEhEmAjS7WhXgqp2LXAcswtIawNOoemFVTEeHOGFK":{"chainKey":{"counter":0},"chainType":2,"messageKeys":{}},"BQOprqGfDrlyGZ025oYK+4+isjfG2wqj5fZOfqesNgRB":{"chainKey":{"counter":0},"chainType":2,"messageKeys":{}},"BYnzweFC8FAAQz6fTlwTI5gb9u15/KkmszVZ6ip9Cw03":{"chainKey":{"counter":1},"chainType":2,"messageKeys":{}},"BX9FnBhwGrvbFz0oeZws0HBztXbafoupw1NDqfk4c+MF":{"chainKey":{"counter":0},"chainType":2,"messageKeys":{}},"Ba4+Ptay0zI20FojvIyq7A9zhfB2lZaLW4v+ll2dMMQW":{"chainKey":{"counter":0},"chainType":2,"messageKeys":{}},"BRM+qq1EYSApUFFEad/ZvdwogHGjDCvL5fjUedJvkFpa":{"chainKey":{"counter":0},"chainType":2,"messageKeys":{}},"BWu/fsTqVghg6X1DLfAiNviGNe258XEopVSMrdc8GtAT":{"chainKey":{"counter":1},"chainType":2,"messageKeys":{}},"BY4p+WiduoitzCJnXesjRLfbu4ecs7C08gRIzEPy9hc3":{"chainKey":{"counter":0},"chainType":2,"messageKeys":{}},"BWEGIwQGgthbjNmwHs8aD36XysJDWdXsnZC+RdD+O0RS":{"chainKey":{"counter":0},"chainType":2,"messageKeys":{}},"BZKxnfEER5WYfs6/oaB/j/9dQ+SvhStybnp0ztfCe9II":{"chainKey":{"counter":0},"chainType":2,"messageKeys":{}},"Bbvq5MO2n0X6miMUgIzSNtO8Q3w4p1Kfj4NBjuy6ORxk":{"chainKey":{"counter":1},"chainType":2,"messageKeys":{}},"BUb+rbqjiYJbfdMVD3K1Gunq1hN72NHjKX0C6FwktJ9H":{"chainKey":{"counter":0},"chainType":2,"messageKeys":{}},"BQxWCG5yfzhIqwOdSgXGXq+NU/2L43usRTgFD29LUGk9":{"chainKey":{"counter":1},"chainType":2,"messageKeys":{}},"BX0L3uEa0MwPi06J/cyHbh9HqpfqhNOpH6dS9Fh+JTVx":{"chainKey":{"counter":1},"chainType":2,"messageKeys":{}},"BRtkExi1yphrDCOcMOqGeEMCIpQRZfza9BL5gA0o3jB5":{"chainKey":{"counter":3},"chainType":2,"messageKeys":{}},"BcwPG7lfCSoF2wDjGcsVrxCpYxeDtLkIvVoOmWfYiJ4c":{"chainKey":{"counter":0},"chainType":2,"messageKeys":{}},"BVXO6CRzWbxtOoenXMe+2KSOgfo0G06tQteELNWwemR7":{"chainKey":{"counter":0},"chainType":2,"messageKeys":{}},"BT/Srf2itZjAcx3eLtSQ0tdlTOayCPSeUEDZcTb2ItMS":{"chainKey":{"counter":1},"chainType":2,"messageKeys":{}},"BQh5tC7Zv0BO4Z0lYvzNKu2QxeKeEJHi65mEilfzqoFu":{"chainKey":{"counter":1},"chainType":2,"messageKeys":{}},"BbKaImvOp77JD6lsbtsODdAedJghFUHdb139nenYWeUD":{"chainKey":{"counter":1},"chainType":2,"messageKeys":{}},"Bf9UFGpZZJAMXBR2GxiztEjO5ysydm3WTzLkT974HTwg":{"chainKey":{"counter":0},"chainType":2,"messageKeys":{}},"BY6saOS0PnRsK5cYshFe19LQ8Ng/yOpkzsyEWKrnr/57":{"chainKey":{"counter":1},"chainType":2,"messageKeys":{}},"BQ9rcsp5x/giTEviWcw1BPeFDgGxBNbsQleV1DOlvT9S":{"chainKey":{"counter":0},"chainType":2,"messageKeys":{}},"BVTOz+xu7e63yNSlUQMMkYCn72kjahPljP2E3DPTP81C":{"chainKey":{"counter":0},"chainType":2,"messageKeys":{}},"BcJY8aS6wy4ExlR/HcLJKTUoypGemDrAkcwUn5sJY24b":{"chainKey":{"counter":2},"chainType":2,"messageKeys":{}},"BUJUvrqBBbxkLw8PnWXSwuOJSX6vxXv2YXHp/uJOpAk7":{"chainKey":{"counter":2},"chainType":2,"messageKeys":{}},"BRMCDBCBNBXR2RmEoq3jRsnjKKRmP/zYUDfmGGAtnt57":{"chainKey":{"counter":1},"chainType":2,"messageKeys":{}},"BZLL+3tgVaQkU6rUlv5YenuaMgQ1pJMg2eTRL5LFc3t8":{"chainKey":{"counter":0},"chainType":2,"messageKeys":{}},"BdKIVy8S/5a4gLWVtZjwrBM5SZk8+gAW+8isJaFxhSYd":{"chainKey":{"counter":3},"chainType":2,"messageKeys":{}},"BS5bq4hE3taKhqfv/5UjQmwOZbxSYV0cx5BuczBLxf9d":{"chainKey":{"counter":19},"chainType":2,"messageKeys":{}},"BZ01WT1LFOcuALREknb8h4cOHaMC3jPIaj0uDIZDnagQ":{"chainKey":{"counter":0},"chainType":2,"messageKeys":{}},"Bb3TOpuXpyg+oN60yRvwkzTbYLDcNSrg8yc4zfnRKJo9":{"chainKey":{"counter":0},"chainType":2,"messageKeys":{}},"BXUSzfilK10tfAj6+gKQpy0RadA7Mayk/fqi/gyTAbtO":{"chainKey":{"counter":0},"chainType":2,"messageKeys":{}},"BSLNoGVuGDL68+MbKs2/Nxhb1WQHFjpfEajw0Tjy04QG":{"chainKey":{"counter":0},"chainType":2,"messageKeys":{}},"BdJYTYpKRdFRocDIdu8fRD+OOtfyFvnKp030NWUQgS1g":{"chainKey":{"counter":0},"chainType":2,"messageKeys":{}},"BY8eirxmt/pCX69jARUniMBkLwcWljPRSO+oXWbGjrIw":{"chainKey":{"counter":0},"chainType":2,"messageKeys":{}},"BVYTSvervaOKldqsDFwCW0dkO/jO8t8Y2j5Tcq84O9V+":{"chainKey":{"counter":0},"chainType":2,"messageKeys":{}},"BWbK+RHiByc14mSTT/ZtIu+0OJ9RrYjdm/9e6UQgKVEW":{"chainKey":{"counter":0},"chainType":2,"messageKeys":{}},"BbaTBObinFXDoSvkz/enl4aNxyDB9QPq8Wws35LRwKYz":{"chainKey":{"counter":0,"key":"2gXkzhb1u7C1Z7hzc/3MPjcZPi2ylUDLMs/dCLWNmTs="},"chainType":2,"messageKeys":{}},"Bdn6iDkqGs2lW3uoYQm5TNS/YPv3KQ48q2JjI+6B7OM3":{"chainKey":{"counter":0,"key":"hmzCUTdlv4xdfCvUjq1PbqpV5IblDonfUIKAKzNsPfg="},"chainType":1,"messageKeys":{}}}},"BQosvxgyvq50IRXuYP/QFMe9ZwoG8/tRmh0yxClR3NA8":{"registrationId":1143034129,"currentRatchet":{"ephemeralKeyPair":{"pubKey":"BSuJ6uO9NlUNRJHmNpy+EUSyZSqjrCyRWgNQ3us5Xxct","privKey":"sLJXnL1QLpGZYUH0A/POY6adBWrjrdZNskQSKyYXNUo="},"lastRemoteEphemeralKey":"BV3qSqbFmwRzXNwmWrSYPE92UDoP3mN9HEL1x2Tni39T","previousCounter":0,"rootKey":"xfUQLD7bf0wAXt7sLJVYjLOrmPd4NqDEHegiQy4tBOc="},"indexInfo":{"baseKey":"BQosvxgyvq50IRXuYP/QFMe9ZwoG8/tRmh0yxClR3NA8","baseKeyType":2,"closed":1716200314326,"used":1716199594158,"created":1716128788395,"remoteIdentityKey":"Baa3Bq6ceZrg/WtaAv1fbDmYtABB4oJwRg8DDk23/M0D"},"_chains":{"BQrvY+FptKdX/NHqIZABn6MDIuG1inSYxMGUVhCxPz4f":{"chainKey":{"counter":0},"chainType":2,"messageKeys":{}},"BazJHK5yXCSc9Gjeqtc0JfX6MlbQdMpnIRtWpFz11LtC":{"chainKey":{"counter":1},"chainType":2,"messageKeys":{}},"BWlF/VUC1r4RLz4tA3Ss8BcRAwOrD+1q9eR/pCQ4F8xA":{"chainKey":{"counter":1},"chainType":2,"messageKeys":{}},"BUsMR9FnDeZRr6NxaLtsbSklUmBsZfkJdX5qyeuXMYdv":{"chainKey":{"counter":0},"chainType":2,"messageKeys":{}},"BdtvM0nBwC1uq85CHbeD3Xf/q8ykEixlL6aUALdf1OA8":{"chainKey":{"counter":1},"chainType":2,"messageKeys":{}},"BTtbT8Llbrtl+hSZ377zUINCUBBPikbVonia2xZzGrMc":{"chainKey":{"counter":1},"chainType":2,"messageKeys":{}},"BbfdCJvMrSu8K/eCKQgWoYiHxU9JmEcUkCzKst0PgRFV":{"chainKey":{"counter":0},"chainType":2,"messageKeys":{}},"Bcn5anH3TwYYf28FkDx7OsqTsW1qyTWikqMic9q9FQVQ":{"chainKey":{"counter":0},"chainType":2,"messageKeys":{}},"Bb1wUBPAIh0LtGA/7bKEXCVIswF+EkqM/+K+K1kTYcFP":{"chainKey":{"counter":0},"chainType":2,"messageKeys":{}},"BRu+R/QQ6HDyuOSHkuOoJ+mCWE7wSn/4R+bsMRkgp+5T":{"chainKey":{"counter":0},"chainType":2,"messageKeys":{}},"BS5DgWz4OFAlWeIggvwXAGZOV43yCdM6ZK5PhHuf980d":{"chainKey":{"counter":0},"chainType":2,"messageKeys":{}},"Bcb3DhTy6q7qiLfnu0KZ7mUEM+0DSoSnH8MhzROROiAX":{"chainKey":{"counter":0},"chainType":2,"messageKeys":{}},"BYNJ7suDNJ2yAZbY9w8IiahT3GzoMea3AjHdnju04utA":{"chainKey":{"counter":0},"chainType":2,"messageKeys":{}},"BcMu7ugw4EMvITPqWiM4oV9dGIOmC2af9kIQHrW+6Mwb":{"chainKey":{"counter":0},"chainType":2,"messageKeys":{}},"BVUwYDmimu3SloDc96HHo2ROKxMMt1GqzSd0CCz6Og18":{"chainKey":{"counter":1},"chainType":2,"messageKeys":{}},"BeE5KiRWENdyfdXS25ilBWYPmzcNt4PT4jJ9kA3eWWxS":{"chainKey":{"counter":0},"chainType":2,"messageKeys":{}},"Bb/63NZD5sw7vEe1vY9kaYIpcuzaNIrIeKomzuXSCkEr":{"chainKey":{"counter":0},"chainType":2,"messageKeys":{}},"BWRu4ONAL4LmsdZxvM6of2VYLwsQoXcP9HG0dBCfbU0v":{"chainKey":{"counter":0},"chainType":2,"messageKeys":{}},"BdVpujLY1mrCkJZD5ItxkdoP7cpHFXt1u3I0gupYFPYB":{"chainKey":{"counter":0},"chainType":2,"messageKeys":{}},"BV3qSqbFmwRzXNwmWrSYPE92UDoP3mN9HEL1x2Tni39T":{"chainKey":{"counter":0,"key":"/EP7LOpUEHMJGLn9poBL7IFCAKun9J7DNbydw7Y7tLA="},"chainType":2,"messageKeys":{}},"BSuJ6uO9NlUNRJHmNpy+EUSyZSqjrCyRWgNQ3us5Xxct":{"chainKey":{"counter":0,"key":"bEJkQO2Itlrv1M7onYIaHGKm/XVQlLxsko1V4sj3AVA="},"chainType":1,"messageKeys":{}}}},"BZGKReeQxhHIZzq7aqWYYBWwn7pWj/lN+DhY+HmHjDEI":{"registrationId":1143034129,"currentRatchet":{"ephemeralKeyPair":{"pubKey":"BReVWL5fwI7xELI7MTnCs3PcOBvNQ4oP+a/SkkAx7opp","privKey":"0OGKJdlQXghuC3IQrBTaDFPJsAGzALPLZSWYp781jXA="},"lastRemoteEphemeralKey":"BW0L5K7ub6RTd+8bnq6a9dM+LxR9L2C95ngr610AS4ZB","previousCounter":7,"rootKey":"yr1bdZKkFJ/S7mE1/52OlGNhwqMsBn5UwkKzpgoeic8="},"indexInfo":{"baseKey":"BZGKReeQxhHIZzq7aqWYYBWwn7pWj/lN+DhY+HmHjDEI","baseKeyType":1,"closed":-1,"used":1716201489558,"created":1716200314294,"remoteIdentityKey":"Baa3Bq6ceZrg/WtaAv1fbDmYtABB4oJwRg8DDk23/M0D"},"_chains":{"BR9VxRB8rbKxqpCElGFBjiq2BvTTbfBm3YS+dMPbnntd":{"chainKey":{"counter":0},"chainType":2,"messageKeys":{}},"BRcGB9TJNNCmP1h4bf5uytU+y/6/MZhHOapeIl+q1Cwy":{"chainKey":{"counter":0},"chainType":2,"messageKeys":{}},"BbttJ6wqb4LJis3x3KFdJ1tOhL8CMlGKe60kdlZk3FVK":{"chainKey":{"counter":0},"chainType":2,"messageKeys":{}},"BW0L5K7ub6RTd+8bnq6a9dM+LxR9L2C95ngr610AS4ZB":{"chainKey":{"counter":0,"key":"4lWx/veCJaurnp880YHIaSmfL8nlDkgXNJANDCN9NFM="},"chainType":2,"messageKeys":{}},"BReVWL5fwI7xELI7MTnCs3PcOBvNQ4oP+a/SkkAx7opp":{"chainKey":{"counter":0,"key":"Os+dwgKiGs6x8rmiZ5fSpKu2Vr5VhC0iiwa+VnhGJKI="},"chainType":1,"messageKeys":{}}}}},"version":"v1"}