{"_sessions":{"BWsM2npYoN7Qkq/JUYDXioFm8lB6fv1U7omcz3S8WpdF":{"registrationId":47743710,"currentRatchet":{"ephemeralKeyPair":{"pubKey":"BVrbcTnecBpakP2eY1H66v+yYKLYFh74QOGscPvi7UA5","privKey":"EA9tD67CVtKIXu24JSWJeCAa08y1JpYicUVrFu+1+VI="},"lastRemoteEphemeralKey":"BUvXcsY5+s6AopE7hed2/pUP3mJaHALgGRLhSDBwi5F2","previousCounter":0,"rootKey":"zUIrENNaw+FI+scc/vhnEbpdnHL8ORewwhBDOvFVv4E="},"indexInfo":{"baseKey":"BWsM2npYoN7Qkq/JUYDXioFm8lB6fv1U7omcz3S8WpdF","baseKeyType":1,"closed":-1,"used":1715933877103,"created":1715933877103,"remoteIdentityKey":"BWb79lE3LVJC1Hpo1SeOAoiQ23HpGZrOxQxkHx8yDnhu"},"_chains":{"BVrbcTnecBpakP2eY1H66v+yYKLYFh74QOGscPvi7UA5":{"chainKey":{"counter":0,"key":"qiUepZdoXGZhv9Kzajn/vSbBTLTYu+YNIsGPO20wvH0="},"chainType":1,"messageKeys":{}}},"pendingPreKey":{"signedKeyId":5,"baseKey":"BWsM2npYoN7Qkq/JUYDXioFm8lB6fv1U7omcz3S8WpdF"}}},"version":"v1"}