{"_sessions":{"BVriLyEamOwL25xInkSFB4nFesZcOgwCJwS5BPgMjQtd":{"registrationId":1828544680,"currentRatchet":{"ephemeralKeyPair":{"pubKey":"BQkXgimZL4r+/6Tu32lU3PtPGQXR6xoWjB52iK2orC4Z","privKey":"4Akn2xep2+DHrzTK0sRCl4RpdiVPEVvCEiixzzRDHX4="},"lastRemoteEphemeralKey":"BdWDLgPoI5dw8xHSpxc26350tegmjc+10xFFhwlQ6ps2","previousCounter":0,"rootKey":"xVvGO3OLg3WBh4nMhILzqUVw+WJWnDLMgxHzyMVeQRw="},"indexInfo":{"baseKey":"BVriLyEamOwL25xInkSFB4nFesZcOgwCJwS5BPgMjQtd","baseKeyType":1,"closed":-1,"used":1715933877122,"created":1715933877122,"remoteIdentityKey":"BX3Pii6Gwb9+HSWZtA3QnwElYoz2+NFkj2u0e7LnV/FO"},"_chains":{"BQkXgimZL4r+/6Tu32lU3PtPGQXR6xoWjB52iK2orC4Z":{"chainKey":{"counter":0,"key":"i0lAff5fs7pNWhaMTYi/C608F3P5UnRdASWCNDh/H/M="},"chainType":1,"messageKeys":{}}},"pendingPreKey":{"signedKeyId":12,"baseKey":"BVriLyEamOwL25xInkSFB4nFesZcOgwCJwS5BPgMjQtd","preKeyId":4637870}}},"version":"v1"}