{"_sessions":{"BQ8PUQfYMuG7f9wQlJuBwLYzJwAnq1AToEYQj1FTfa0u":{"registrationId":1190023722,"currentRatchet":{"ephemeralKeyPair":{"pubKey":"BYkmKW20gGILbfLaa2PonMSrchXe6Es10fKvdOw1eg4H","privKey":"wKylSJKFCc1gosuvEIVCQFBHQgcBY80EG9gtIPZMwVw="},"lastRemoteEphemeralKey":"BZp8mhRCtTFZLc8VjlIdqS3N6d+zYFe80SIRhBRid6ZY","previousCounter":0,"rootKey":"7+R43kCmRB+13hfhPcuTquIBBui79YBRBVhwG8zKVdw="},"indexInfo":{"baseKey":"BQ8PUQfYMuG7f9wQlJuBwLYzJwAnq1AToEYQj1FTfa0u","baseKeyType":1,"closed":-1,"used":1715933877068,"created":1715933877068,"remoteIdentityKey":"BUQLzsvsF4lI4WA9JYoGdJ4grdB6xVdP8Cul8HrOTchw"},"_chains":{"BYkmKW20gGILbfLaa2PonMSrchXe6Es10fKvdOw1eg4H":{"chainKey":{"counter":0,"key":"4vGLd0X3MdMZQb3bdJQZe0FEVK27a0gzzcD1pA9NUwQ="},"chainType":1,"messageKeys":{}}},"pendingPreKey":{"signedKeyId":4,"baseKey":"BQ8PUQfYMuG7f9wQlJuBwLYzJwAnq1AToEYQj1FTfa0u","preKeyId":13115523}}},"version":"v1"}