{"_sessions":{"BTJ1DGIJ+zbrs460SDTz2NNcsTMZZ8X5Vr5z6zWzz1wl":{"registrationId":731195093,"currentRatchet":{"ephemeralKeyPair":{"pubKey":"BSnM53t4J6bHBqbx9rXVUi/U0ILFDlYny6YGsbXqxzdb","privKey":"6HXXyzvL4Hx36t9ZzqtUHfRmk/QkpxrNsYVYvNlTMl4="},"lastRemoteEphemeralKey":"BaWv17+CT4eNIKDqGEtdUsGJX5DZ34OLqF5SfZyN7CZe","previousCounter":0,"rootKey":"/Dnxq7EjI/0J3uaMo0PTWM9ZOg8+mgzYU8KDdlNRlbA="},"indexInfo":{"baseKey":"BTJ1DGIJ+zbrs460SDTz2NNcsTMZZ8X5Vr5z6zWzz1wl","baseKeyType":2,"closed":-1,"used":1716201272309,"created":1716201272309,"remoteIdentityKey":"BSEomWmzgCXpSkEhbRzmjN/Ffy5YMI79NH9LFFA5/cA2"},"_chains":{"BaWv17+CT4eNIKDqGEtdUsGJX5DZ34OLqF5SfZyN7CZe":{"chainKey":{"counter":2,"key":"xyMa/ly7Kf5IuqDTheoxvYswzh8gqlfHmVhNWO4x+oE="},"chainType":2,"messageKeys":{}},"BSnM53t4J6bHBqbx9rXVUi/U0ILFDlYny6YGsbXqxzdb":{"chainKey":{"counter":0,"key":"w8ets8Ms9mizxdmXpHIqhuvXwza9NWQnWB8No0nBIaI="},"chainType":1,"messageKeys":{}}}}},"version":"v1"}