{"_sessions":{"BYIlhNY3pmYmt8Tah61M2JHtd4vgrCXLG3bLk2UXr05J":{"registrationId":1284737582,"currentRatchet":{"ephemeralKeyPair":{"pubKey":"BUc4x6P2wGtNFpAX9oxjwhlReCWZQ+XwvM01A7nZlS8s","privKey":"oGATUr13lU62WwbXe3dBY/yIR0iuF+O7lpKRkvBudmI="},"lastRemoteEphemeralKey":"BaBRrBvJWneUO9+kn2BYNEv215qrwZeWA6TLpQ1lQO9a","previousCounter":0,"rootKey":"Hu5azRRrxy3fuIWFfz6ewcsBB+Y11Xb9ThOkavejHw4="},"indexInfo":{"baseKey":"BYIlhNY3pmYmt8Tah61M2JHtd4vgrCXLG3bLk2UXr05J","baseKeyType":1,"closed":-1,"used":1715933877096,"created":1715933877096,"remoteIdentityKey":"BYm6j/gH82X6DbmEyYL4oE9f2B9fcSiCleBX7O5aVXYv"},"_chains":{"BUc4x6P2wGtNFpAX9oxjwhlReCWZQ+XwvM01A7nZlS8s":{"chainKey":{"counter":0,"key":"OXD3xSqRIXdjQfZWzFKSMKuvev9q55RwthQnFT6XP7Y="},"chainType":1,"messageKeys":{}}},"pendingPreKey":{"signedKeyId":10,"baseKey":"BYIlhNY3pmYmt8Tah61M2JHtd4vgrCXLG3bLk2UXr05J"}}},"version":"v1"}