{"_sessions":{"BTMyzf9pwrhsPCrpHRTXjo19vRin00dqeH/sd4XcuYIN":{"registrationId":1916586672,"currentRatchet":{"ephemeralKeyPair":{"pubKey":"BRIHwdtxZJXewMZwq4Y+nIB9puCu4E74smPhuiYEGVhA","privKey":"UGuaAJSZDUG9cWRfjdY2u/IR2LVa2Vtz13LvHLIZqV4="},"lastRemoteEphemeralKey":"BUjcWa5YX46zShfNoAAj3Tsu4325GyjyUWi5OF7/J+sU","previousCounter":0,"rootKey":"/UOefZXLlExebY0xNR7Mn5ZbJSfRN2kOgkiv5xnrUW4="},"indexInfo":{"baseKey":"BTMyzf9pwrhsPCrpHRTXjo19vRin00dqeH/sd4XcuYIN","baseKeyType":1,"closed":-1,"used":1715933877188,"created":1715933877188,"remoteIdentityKey":"Bc773+fpYw9GNDVqyfrI7suESnPFi562IoeBTffskyQG"},"_chains":{"BRIHwdtxZJXewMZwq4Y+nIB9puCu4E74smPhuiYEGVhA":{"chainKey":{"counter":0,"key":"kWUaaY9W6xp3P/1+xXw/GBrismsIoV5RQh9TxRP2s+0="},"chainType":1,"messageKeys":{}}},"pendingPreKey":{"signedKeyId":1,"baseKey":"BTMyzf9pwrhsPCrpHRTXjo19vRin00dqeH/sd4XcuYIN","preKeyId":98177}}},"version":"v1"}