{"_sessions":{"BSRLHXJ0xpID1fxIgMXsHqlnY9jG0RVcD2EtcAJ3RXA0":{"registrationId":159,"currentRatchet":{"ephemeralKeyPair":{"pubKey":"BVnDgZy0Gf5rZBX0ReBxxL9NKiIzhqRwKS+6EJDGLwwB","privKey":"YMrKi8n4idmGhRA4nQnZLxlFZ9RA8uGDOMDNZnB+b2w="},"lastRemoteEphemeralKey":"BcdlguiVotvSKEtQXsT7nvOfDLVoyVPlGnOYJt8cNWQN","previousCounter":0,"rootKey":"lbTkc1DcFWw7aqqJOpWj6vHSTrVaIeiG2AN3GT+PkoA="},"indexInfo":{"baseKey":"BSRLHXJ0xpID1fxIgMXsHqlnY9jG0RVcD2EtcAJ3RXA0","baseKeyType":1,"closed":-1,"used":1716128801851,"created":1716128801851,"remoteIdentityKey":"BROJ7sv5Hx7lLuYWHGXC6ClA0QBGhPrcdhPlWFYEkJsY"},"_chains":{"BVnDgZy0Gf5rZBX0ReBxxL9NKiIzhqRwKS+6EJDGLwwB":{"chainKey":{"counter":52,"key":"xMwCslPk6d18Ga9ugCNt+Dh9PL6p8lKMkXsvzQPvdw8="},"chainType":1,"messageKeys":{}}},"pendingPreKey":{"signedKeyId":1,"baseKey":"BSRLHXJ0xpID1fxIgMXsHqlnY9jG0RVcD2EtcAJ3RXA0","preKeyId":5}}},"version":"v1"}