{"_sessions":{"BV5L5tYrAI1HgDtfD2snN9dSyio/sR2kXXYlRDtQ8vRD":{"registrationId":1565484322,"currentRatchet":{"ephemeralKeyPair":{"pubKey":"Bak0DhiuAQo7rk54PRN8h/JpGeQzbSomK5+9JG/CpH8E","privKey":"wON8SsAOmsxS6slUBnLAh3mTxer3Sl8Yuvk1Z+uKTG0="},"lastRemoteEphemeralKey":"BZQQs/UtqlkOBYD46PY5PCEZdih+QWXTqDzM9vXjs6g8","previousCounter":0,"rootKey":"1jOMT3wxVl+KYeQ+l7k9sYHpeYo7MvtONSxIaSrDWBA="},"indexInfo":{"baseKey":"BV5L5tYrAI1HgDtfD2snN9dSyio/sR2kXXYlRDtQ8vRD","baseKeyType":1,"closed":-1,"used":1715933877160,"created":1715933877160,"remoteIdentityKey":"BaDsi+oHZgwVGopAjKqeHnROcOphb2IapPZWzgR3SyI/"},"_chains":{"Bak0DhiuAQo7rk54PRN8h/JpGeQzbSomK5+9JG/CpH8E":{"chainKey":{"counter":0,"key":"aVGZD5SF1TSguAFMwxcEOIlTQArjtECh0+lWZuExZyc="},"chainType":1,"messageKeys":{}}},"pendingPreKey":{"signedKeyId":9,"baseKey":"BV5L5tYrAI1HgDtfD2snN9dSyio/sR2kXXYlRDtQ8vRD","preKeyId":13522924}}},"version":"v1"}