{"_sessions":{"BWNrB9BqjoFiTJPhm5Xlxsf/XNTIPqFQ2lNlfTWmcXZu":{"registrationId":1374346691,"currentRatchet":{"ephemeralKeyPair":{"pubKey":"Bdo5urrWt8jjHudzgbE9smOzMhZUtfQ2N/5G8K0Q201n","privKey":"aLiptf9FeXSees6qx+zOndI1PEG/e6FcN7CpQzD3UUI="},"lastRemoteEphemeralKey":"BSktOJWErHY+0TrbMFygK/XyLooGTVF1HRuWyfV+bbQG","previousCounter":0,"rootKey":"/0C1tE203aye3zu22r67eaJlOPr32BlkaRilFZOnwTQ="},"indexInfo":{"baseKey":"BWNrB9BqjoFiTJPhm5Xlxsf/XNTIPqFQ2lNlfTWmcXZu","baseKeyType":1,"closed":-1,"used":1715933876921,"created":1715933876921,"remoteIdentityKey":"BS5iLwRYr7hhUHjCUYySUo9rUSjBpPGuht1zNfjXyc1E"},"_chains":{"Bdo5urrWt8jjHudzgbE9smOzMhZUtfQ2N/5G8K0Q201n":{"chainKey":{"counter":0,"key":"YiEn4C1bz1tjHe2ZZX6HZJrvIGHNSIFwf9UFMl+SuHg="},"chainType":1,"messageKeys":{}}},"pendingPreKey":{"signedKeyId":17,"baseKey":"BWNrB9BqjoFiTJPhm5Xlxsf/XNTIPqFQ2lNlfTWmcXZu","preKeyId":16500976}}},"version":"v1"}