{"_sessions":{"BRn8IQSYbMv89zvr/CoT1eSlN7KIymewTq67OzzT9gQa":{"registrationId":271072329,"currentRatchet":{"ephemeralKeyPair":{"pubKey":"BUoiaRqUMCj8TXo4h3dMGKLzLLRP+PiSsyrV4aO4c3Qd","privKey":"MMOrQmf1Z0VkfppjmtViyIJgfH/nKCS81spz+T7hUVM="},"lastRemoteEphemeralKey":"BctwvCxsiQiyS7sCGZKUN14HTFAjzbjadIHSpCvhu/g7","previousCounter":0,"rootKey":"3LSN2XlAv56poZXd58pgseWdRWZEWoWJZ2KxhumI1TA="},"indexInfo":{"baseKey":"BRn8IQSYbMv89zvr/CoT1eSlN7KIymewTq67OzzT9gQa","baseKeyType":1,"closed":-1,"used":1715933877078,"created":1715933877078,"remoteIdentityKey":"BageomkhiKxstysyf+NWoVYqqsN8mL+8ZSX+NV0SS59h"},"_chains":{"BUoiaRqUMCj8TXo4h3dMGKLzLLRP+PiSsyrV4aO4c3Qd":{"chainKey":{"counter":0,"key":"aF81dZhc1oBG+mOWfj+F7d7SD2Mkzk22sqMGkQogbCY="},"chainType":1,"messageKeys":{}}},"pendingPreKey":{"signedKeyId":35,"baseKey":"BRn8IQSYbMv89zvr/CoT1eSlN7KIymewTq67OzzT9gQa","preKeyId":3816662}}},"version":"v1"}