{"_sessions":{"Bd5iCtekkxQXTx0GDOb08LMZaqKAm6OVmLhFRNz+aoNq":{"registrationId":1092863153,"currentRatchet":{"ephemeralKeyPair":{"pubKey":"BZro12byF57hnx77fe7sdn5wOkVfX8IIE3Y7rK1BIK41","privKey":"gH8tQdK438tZsMqkErUTlIOzI548lQk/wHdD/J72Y0M="},"lastRemoteEphemeralKey":"BdrK2A9NeQOIy7SeTM1qkvUclwKNBDrPezyODK7JLNJQ","previousCounter":0,"rootKey":"7z8X495kxVnDK98KEWu7SDoA++X9Hxdl9vz2TB5FPrg="},"indexInfo":{"baseKey":"Bd5iCtekkxQXTx0GDOb08LMZaqKAm6OVmLhFRNz+aoNq","baseKeyType":1,"closed":-1,"used":1715933877039,"created":1715933877039,"remoteIdentityKey":"BQh8AD+muyjZLK0xeVZNTeVEmp5IBkI3t254B+5jVhMv"},"_chains":{"BZro12byF57hnx77fe7sdn5wOkVfX8IIE3Y7rK1BIK41":{"chainKey":{"counter":0,"key":"Zs0MDXj0M4MMhc4VJO/zGZbIAdxkTsGBRAizGB9PKQE="},"chainType":1,"messageKeys":{}}},"pendingPreKey":{"signedKeyId":5,"baseKey":"Bd5iCtekkxQXTx0GDOb08LMZaqKAm6OVmLhFRNz+aoNq","preKeyId":1190457}}},"version":"v1"}