{"_sessions":{"BcOt1hafeFwVgVQBijaGj05q4k6oodYL3l59vp6phpV/":{"registrationId":1642114802,"currentRatchet":{"ephemeralKeyPair":{"pubKey":"Bc0zzcnp6n7ZjX5JgjGfl2TJ//jbShrbJSSIs/6hIIMa","privKey":"sC94S9IwCX2T2MOVGQBWeIZ+w0ml5xmpHAfnH9SUvl8="},"lastRemoteEphemeralKey":"BTZM2tdVtUhcoNktvmxQiDWd1gXTxW1jnv9KCHDZiUYH","previousCounter":0,"rootKey":"ac5SGCREWeIh0xGntUllJFc2g9NRy1rzYJrOC++Z/l0="},"indexInfo":{"baseKey":"BcOt1hafeFwVgVQBijaGj05q4k6oodYL3l59vp6phpV/","baseKeyType":1,"closed":-1,"used":1715933876995,"created":1715933876995,"remoteIdentityKey":"BUfqIbACF4Y1WPnm2wmL5Mt2K88Cmv+bA6vivmDmpd9+"},"_chains":{"Bc0zzcnp6n7ZjX5JgjGfl2TJ//jbShrbJSSIs/6hIIMa":{"chainKey":{"counter":0,"key":"xvxg5+uOeJqUipKZYRk+HRCKv1mK2jZxaIBkBS9K1RU="},"chainType":1,"messageKeys":{}}},"pendingPreKey":{"signedKeyId":24,"baseKey":"BcOt1hafeFwVgVQBijaGj05q4k6oodYL3l59vp6phpV/","preKeyId":5842744}}},"version":"v1"}