{"_sessions":{"BTLnZxwwB4bc940i5YAwCx9QFYZvdQf5SAo+4EXt5B8D":{"registrationId":308033919,"currentRatchet":{"ephemeralKeyPair":{"pubKey":"BccQKvmNrNdhbuhztPKi57GMKqQcOm/TZlhIFXXW9NMC","privKey":"+JxVyPNCGHOhXIKd9QW+GOHDGnQW3we4Ms0XPht9fXo="},"lastRemoteEphemeralKey":"BYq2QjO9z093o6u+DGdP3VP1Z+RA8uqGpDBuB4QNRAcb","previousCounter":0,"rootKey":"jp8U9gyw6nLGUnXVAH6M75rUv7BHIQBomuN6E6buxvs="},"indexInfo":{"baseKey":"BTLnZxwwB4bc940i5YAwCx9QFYZvdQf5SAo+4EXt5B8D","baseKeyType":1,"closed":-1,"used":1715933877168,"created":1715933877168,"remoteIdentityKey":"BSl0kPzdaOdUR0E4fPVBPZP+Ogzh9QWUj4tm0irsHSMO"},"_chains":{"BccQKvmNrNdhbuhztPKi57GMKqQcOm/TZlhIFXXW9NMC":{"chainKey":{"counter":0,"key":"B/AE2Pkd8c5zgdYXe0qwNtQWggSuZ6TvIjgIxhZy1NM="},"chainType":1,"messageKeys":{}}},"pendingPreKey":{"signedKeyId":1,"baseKey":"BTLnZxwwB4bc940i5YAwCx9QFYZvdQf5SAo+4EXt5B8D"}}},"version":"v1"}