{"_sessions":{"BUWbgRez6S/eBXFP2IfwCgvvGxgmZviT6vQrbOMyP7gw":{"registrationId":1115589152,"currentRatchet":{"ephemeralKeyPair":{"pubKey":"BeO//YCa4cYdfZZBYcaQrV4LcGg8miB3esmh2j0rnOY8","privKey":"4NCUqptWhfyWjiCyjb7lsmCCC1DUtMnPkSL9tl2cf2M="},"lastRemoteEphemeralKey":"BSkUT31Kv9vUmV3kBK8vk2QS19I73kjmureHJEVzS/Y1","previousCounter":0,"rootKey":"5qtYIhPLPm1HBw5QRfYHggsY0qv/ceNiSM2XTqFbZxQ="},"indexInfo":{"baseKey":"BUWbgRez6S/eBXFP2IfwCgvvGxgmZviT6vQrbOMyP7gw","baseKeyType":1,"closed":-1,"used":1715933877252,"created":1715933877252,"remoteIdentityKey":"BTKp9qoYFEyyIcic4RQTOFy5Aagavwfj/+l/5JVzRzpj"},"_chains":{"BeO//YCa4cYdfZZBYcaQrV4LcGg8miB3esmh2j0rnOY8":{"chainKey":{"counter":0,"key":"2TrA25cfGAc2Xm8lQ4Lgt8qx+6gQO9mstq/n66xQPAA="},"chainType":1,"messageKeys":{}}},"pendingPreKey":{"signedKeyId":2,"baseKey":"BUWbgRez6S/eBXFP2IfwCgvvGxgmZviT6vQrbOMyP7gw","preKeyId":8601581}}},"version":"v1"}