{"_sessions":{"Ba+DZg68XCMtEF4TgYLjAxHfyrlRtqokjPkYFjbo3Jci":{"registrationId":1068249275,"currentRatchet":{"ephemeralKeyPair":{"pubKey":"Bf8QnLb38SVY2BjEbyMEYUMLiHqivZ67CYZym/Aj3y52","privKey":"sOpaf1wlePvaZZ+yubSDR9qIpxAT3dik4QVMDiCbTX4="},"lastRemoteEphemeralKey":"BVVhwBmKcBJcfptSR8U9uZ9nGwoSL7JuAVl3S+uReG0h","previousCounter":0,"rootKey":"+N7uj7nXrn4n1VksGQWQwC4sQ2i4AeFxtPBEMfWSem0="},"indexInfo":{"baseKey":"Ba+DZg68XCMtEF4TgYLjAxHfyrlRtqokjPkYFjbo3Jci","baseKeyType":1,"closed":-1,"used":1715933877087,"created":1715933877087,"remoteIdentityKey":"BTECeKANfbiF6iyeryGqDvTOmfWF4PSv4Vslizsk3dRy"},"_chains":{"Bf8QnLb38SVY2BjEbyMEYUMLiHqivZ67CYZym/Aj3y52":{"chainKey":{"counter":0,"key":"P416slDVnoiegAmRQ+/3n1+a+IKx4dL5N/rHt9ueaKw="},"chainType":1,"messageKeys":{}}},"pendingPreKey":{"signedKeyId":11,"baseKey":"Ba+DZg68XCMtEF4TgYLjAxHfyrlRtqokjPkYFjbo3Jci","preKeyId":3590046}}},"version":"v1"}