{"_sessions":{"BbYjBZtgz4Ntx7XY7KKrrh8JCFSW5ItNyGqyiBdhe897":{"registrationId":398266314,"currentRatchet":{"ephemeralKeyPair":{"pubKey":"BcOLSuPDSzCEOYwpd/zfXzQAfqaOq0MbZ4S6o5Hj0u44","privKey":"kJWL2p8+/LXZSHmWgvYUz/3a5EqOgTdarSP3hTIuBXk="},"lastRemoteEphemeralKey":"BY1ptIIoWmf7qwkJZ0rop2n/V1GOa9JVH1Qlj1vnoup1","previousCounter":0,"rootKey":"ZPD65+DTFxdV+MsIuCH4YAjlsqFLzClRU4Grfti6wWw="},"indexInfo":{"baseKey":"BbYjBZtgz4Ntx7XY7KKrrh8JCFSW5ItNyGqyiBdhe897","baseKeyType":2,"closed":1715992090866,"used":1715992090795,"created":1715992090795,"remoteIdentityKey":"BRm/co1ABomCGBnEX1Xo78kAUfiGq8Y8VlKgOZEamDgu"},"_chains":{"BY1ptIIoWmf7qwkJZ0rop2n/V1GOa9JVH1Qlj1vnoup1":{"chainKey":{"counter":1,"key":"nWKuC4TPZsPKScRxZlIe8xwtr+GLdR/auIpG7BuPPNE="},"chainType":2,"messageKeys":{"0":"ylP2WLPF87szWBFnhPHzHDx+nyZpgM7eVc+d0uUCJEc="}},"BcOLSuPDSzCEOYwpd/zfXzQAfqaOq0MbZ4S6o5Hj0u44":{"chainKey":{"counter":-1,"key":"PvicD04pyzVJKxCGYbzHehC5GbpXcCtZo4UsNvhRF3M="},"chainType":1,"messageKeys":{}}}},"BSj8WCJoxRXPzfGJ391/pJEkX0nIgaJx1Mrgxmi3wRAX":{"registrationId":398266314,"currentRatchet":{"ephemeralKeyPair":{"pubKey":"BS85nhvgg7DVh9bM1rr+KHSPmECcLNYiBMi0G4Ad5ddG","privKey":"0Lh2JV/PXiR/yJwulK2v5qgxmkUKRdMZV9f2ZOyoxEg="},"lastRemoteEphemeralKey":"BXVwbWMKCvPyhaVIjMGhy7+tc+puzFMwF3yhKUj850k+","previousCounter":0,"rootKey":"7kWqQGNz+sWdPzoja9oTFwAIqYhtdLHUeplTXTrLJbY="},"indexInfo":{"baseKey":"BSj8WCJoxRXPzfGJ391/pJEkX0nIgaJx1Mrgxmi3wRAX","baseKeyType":2,"closed":1716198341251,"used":1716086136916,"created":1715992090872,"remoteIdentityKey":"BRm/co1ABomCGBnEX1Xo78kAUfiGq8Y8VlKgOZEamDgu"},"_chains":{"BTwA5OMvo7gJvkC8MFw0MPwhECUvMPkOFMVW7kWxyfUb":{"chainKey":{"counter":0},"chainType":2,"messageKeys":{}},"BXVwbWMKCvPyhaVIjMGhy7+tc+puzFMwF3yhKUj850k+":{"chainKey":{"counter":0,"key":"qVXeJ2LzqK2gCkrsWAIhS0rSGzv3+1mxjQgPe4hBuVI="},"chainType":2,"messageKeys":{}},"BS85nhvgg7DVh9bM1rr+KHSPmECcLNYiBMi0G4Ad5ddG":{"chainKey":{"counter":-1,"key":"ktF2nSXlnAV+ZT3OmxXqlPNFHOBqHIzQacaaOMLU5/w="},"chainType":1,"messageKeys":{}}}},"BZs948rtVIcTFnOStBGhGE0doKIKGasun+HJsu8jOfga":{"registrationId":398266314,"currentRatchet":{"ephemeralKeyPair":{"pubKey":"BSZr9NNc23tqegEohXVFxQfXUxdqAfkdLsvPd/d/zhEd","privKey":"cJbq5/hdRQqFXJk2yI4uGSw76BVRFNCqQnZAN1jXxlo="},"lastRemoteEphemeralKey":"BSJDaGjhP6PPn5gwTuC/SN8nPTAkayT8ic099TmXeIlo","previousCounter":0,"rootKey":"cRgxyXoJOBhi0Ute0J6+WZernsAKZ6VkbWxeRX3ARLM="},"indexInfo":{"baseKey":"BZs948rtVIcTFnOStBGhGE0doKIKGasun+HJsu8jOfga","baseKeyType":2,"closed":1716200316438,"used":1716198341258,"created":1716198341258,"remoteIdentityKey":"BRm/co1ABomCGBnEX1Xo78kAUfiGq8Y8VlKgOZEamDgu"},"_chains":{"BSJDaGjhP6PPn5gwTuC/SN8nPTAkayT8ic099TmXeIlo":{"chainKey":{"counter":0,"key":"rteKl/tkWKOLzy1TBGA3kWP0Role+11mB1hSgRSOZ84="},"chainType":2,"messageKeys":{}},"BSZr9NNc23tqegEohXVFxQfXUxdqAfkdLsvPd/d/zhEd":{"chainKey":{"counter":0,"key":"FmxcSnbaAprY1jufhwxDrUnOzRs14lqbJ4wLMZW8Z5w="},"chainType":1,"messageKeys":{}}}},"Ba5gp19JtbtI0qFVsPrmVVoWR5140Sa9y4m7b+IPi2w/":{"registrationId":398266314,"currentRatchet":{"ephemeralKeyPair":{"pubKey":"BQWZvpwJELxqktgJpBnwt5Jxe8oEk/7EFqCjYYptnMpO","privKey":"QLHGuOS3IUTmXMwUHc33W+3gIwuNolbd20L9xIyBx38="},"lastRemoteEphemeralKey":"BQvPWuWcnY/qTCfXpguVlfBXiCfsvIl/i3NmGCeOyYkt","previousCounter":0,"rootKey":"HCwOF9VPSuuHKrWtI2dDmIdAiXE1++Y+VaTdi1Sc7PU="},"indexInfo":{"baseKey":"Ba5gp19JtbtI0qFVsPrmVVoWR5140Sa9y4m7b+IPi2w/","baseKeyType":1,"closed":-1,"used":1716200316431,"created":1716200316431,"remoteIdentityKey":"BRm/co1ABomCGBnEX1Xo78kAUfiGq8Y8VlKgOZEamDgu"},"_chains":{"BQWZvpwJELxqktgJpBnwt5Jxe8oEk/7EFqCjYYptnMpO":{"chainKey":{"counter":0,"key":"xEA7M6PRtX9cZwZQbW3fGAuqQfCsSMyj43Om8LXk/Jg="},"chainType":1,"messageKeys":{}}},"pendingPreKey":{"signedKeyId":7,"baseKey":"Ba5gp19JtbtI0qFVsPrmVVoWR5140Sa9y4m7b+IPi2w/","preKeyId":16617203}}},"version":"v1"}