{"_sessions":{"BRRVooSraDv5BJVppIrRej6TxhGJNKHIVwyVnH5+A7hN":{"registrationId":345299604,"currentRatchet":{"ephemeralKeyPair":{"pubKey":"BROs2/Kb3q5Un43oOnc4aLV6YQ6BjJNKWySPmbTiyiYC","privKey":"oPEBZ81NyAhRVsjK/sM2HZ2MfZh5apQ5qRfWW7MsT1c="},"lastRemoteEphemeralKey":"Ba9k8CMP6VuDbfTH092SHQB6YIZ6zPkFO4Io2UFIQ59M","previousCounter":0,"rootKey":"ugQfKh0glk9ioCz6Dn6wXjfcFtcQMEJnvAcDEbQUlEg="},"indexInfo":{"baseKey":"BRRVooSraDv5BJVppIrRej6TxhGJNKHIVwyVnH5+A7hN","baseKeyType":1,"closed":-1,"used":1715933877029,"created":1715933877029,"remoteIdentityKey":"BWqUYKvhzZkBChWA6AOZecVQs1u4zC66LGXEIaSEMoB3"},"_chains":{"BROs2/Kb3q5Un43oOnc4aLV6YQ6BjJNKWySPmbTiyiYC":{"chainKey":{"counter":0,"key":"rxANZrM+evNXguamCV0GNIwDPKFenURECJPPQoEmiwA="},"chainType":1,"messageKeys":{}}},"pendingPreKey":{"signedKeyId":18,"baseKey":"BRRVooSraDv5BJVppIrRej6TxhGJNKHIVwyVnH5+A7hN","preKeyId":7662072}}},"version":"v1"}