{"_sessions":{"BR/guNLGsPCk8eMZXas7O+3j+4GHzHoFeoNTXpVbn11a":{"registrationId":1041697586,"currentRatchet":{"ephemeralKeyPair":{"pubKey":"BXv/HN8bge1PocVQbf93iRJ33JdziFPH0qbJwZGbF2YC","privKey":"yN6WKz9RDHPxE0VeUUVYG/7RniYurpZeIQ0epOjyImY="},"lastRemoteEphemeralKey":"BWCcRicppKhcr2cI3Y3b2NiG5+jWA5HLRfVV18A8WgVc","previousCounter":0,"rootKey":"EwfFs/IR6QyRDkgPSPAHSitteWdCaQMY7qFV+wc0FpY="},"indexInfo":{"baseKey":"BR/guNLGsPCk8eMZXas7O+3j+4GHzHoFeoNTXpVbn11a","baseKeyType":1,"closed":-1,"used":1715933877178,"created":1715933877178,"remoteIdentityKey":"BRHSmVLcdlypqW/8okn/WecdCClzaW9YE6ICex8Q3d8Q"},"_chains":{"BXv/HN8bge1PocVQbf93iRJ33JdziFPH0qbJwZGbF2YC":{"chainKey":{"counter":0,"key":"KD8ddSvC0xQBsPlg0nCBk5ZL7feIZ0hnagMjstyJAHY="},"chainType":1,"messageKeys":{}}},"pendingPreKey":{"signedKeyId":32,"baseKey":"BR/guNLGsPCk8eMZXas7O+3j+4GHzHoFeoNTXpVbn11a","preKeyId":2424750}}},"version":"v1"}