{"_sessions":{"BQDy+NpUPn7x8cH4ocE2m1rwYcjw4ioI7FGrQhCE0LJY":{"registrationId":1014557213,"currentRatchet":{"ephemeralKeyPair":{"pubKey":"BTnfAN8PBBOkB5DzXGX2KdZOZsqsRF4sSOHLpDnz6aty","privKey":"WEzybDMhFL+IPuFuRFYoQHGADzmFCAp2LKtsCi6Zfm4="},"lastRemoteEphemeralKey":"BSLY2/ebfmH6WG8hUv40kpfnV0PuGrXaNtrhTXiF2hhb","previousCounter":0,"rootKey":"sNAVHXr7YBR6DneDpWeA1L/ES8n4NqP6KFy0iBz5PFM="},"indexInfo":{"baseKey":"BQDy+NpUPn7x8cH4ocE2m1rwYcjw4ioI7FGrQhCE0LJY","baseKeyType":1,"closed":-1,"used":1715933877141,"created":1715933877141,"remoteIdentityKey":"BTJOrkCyLu1VtoWsdyL7MaHtLEUJQPeNukTuzlie/6ZK"},"_chains":{"BTnfAN8PBBOkB5DzXGX2KdZOZsqsRF4sSOHLpDnz6aty":{"chainKey":{"counter":0,"key":"YJ1zJUXOsusdZL4wTwr1eRuOJwUvLqHziWSTdn73FGc="},"chainType":1,"messageKeys":{}}},"pendingPreKey":{"signedKeyId":26,"baseKey":"BQDy+NpUPn7x8cH4ocE2m1rwYcjw4ioI7FGrQhCE0LJY","preKeyId":8917915}}},"version":"v1"}