{"_sessions":{"BZgtdSEurv54jUi+vseymWEq+YL1qpg/kF8o9JUqxqFc":{"registrationId":325861239,"currentRatchet":{"ephemeralKeyPair":{"pubKey":"BWh8S/h4RmZrAPRZxMJYg1JmDef4D7oznv4cTnGbwXoF","privKey":"mFwPI3Pnk92zfX+B4ekNfoLmKoi2YFLFW9dd1vLRekY="},"lastRemoteEphemeralKey":"BSn3+h3439oS0iktF/RQLDfEzplUAPyhypdBMsdyrD5B","previousCounter":0,"rootKey":"9XIxnxNUWFOdaMdcPpaAsRCHpIADptWS7ntM38bbF5A="},"indexInfo":{"baseKey":"BZgtdSEurv54jUi+vseymWEq+YL1qpg/kF8o9JUqxqFc","baseKeyType":1,"closed":-1,"used":1715933877020,"created":1715933877020,"remoteIdentityKey":"BQHMYjzhCgRpVe3s/ZNz7N8Dn9JYNFmaRZkpLQxF1nlr"},"_chains":{"BWh8S/h4RmZrAPRZxMJYg1JmDef4D7oznv4cTnGbwXoF":{"chainKey":{"counter":0,"key":"uFYY0qJNxXUz8s3GCeRXKlk7BKzGgcWFRWVL6LqnNto="},"chainType":1,"messageKeys":{}}},"pendingPreKey":{"signedKeyId":12,"baseKey":"BZgtdSEurv54jUi+vseymWEq+YL1qpg/kF8o9JUqxqFc"}}},"version":"v1"}