{"_sessions":{"BVUMD1UCChOJlQpyi0SmyMdOkcXN6/MOSkxNwLORouJa":{"registrationId":3473,"currentRatchet":{"ephemeralKeyPair":{"pubKey":"Bf3QruzUjaO0JsNlGwlP9v+Sj+3oR77Iumw5ffLBzmFq","privKey":"KPTa1UahNKOqylDvEUKhTWdfrpCWShdToopFHzsU23I="},"lastRemoteEphemeralKey":"BdzYj4YtKEAH5DhtPDxj3TKuSFWLV91wtkAqNvBqiVdT","previousCounter":0,"rootKey":"KrqhYbVYnF+WoZJUvA/w+VgyzaoNieRzzXvMJ9TdDjc="},"indexInfo":{"baseKey":"BVUMD1UCChOJlQpyi0SmyMdOkcXN6/MOSkxNwLORouJa","baseKeyType":1,"closed":-1,"used":1715933876884,"created":1715933876884,"remoteIdentityKey":"BcFFsMEV8iTtlS7H6+4r4qXAICElU7gesJZzbYZr2Nwn"},"_chains":{"Bf3QruzUjaO0JsNlGwlP9v+Sj+3oR77Iumw5ffLBzmFq":{"chainKey":{"counter":0,"key":"vH24Ym0Nf1YG+4mp18q2sB9ld+cQ7DBcG1uXlhfKRBg="},"chainType":1,"messageKeys":{}}},"pendingPreKey":{"signedKeyId":1,"baseKey":"BVUMD1UCChOJlQpyi0SmyMdOkcXN6/MOSkxNwLORouJa"}}},"version":"v1"}